forecast_id,region_code,year_month,ingested_at,precipitation_mm,drought_risk_score,flood_risk_score,seasonal_baseline_mm,source
595,ET-BA,2022-01,2026-06-19 09:59:07+00,15.7,0.0,64.47,6.33,open_meteo_archive
596,ET-BA,2022-02,2026-06-19 09:59:07+00,6.1,0.0,50.54,10.3,open_meteo_archive
597,ET-BA,2022-03,2026-06-19 09:59:07+00,24.0,6.15,31.34,67.64,open_meteo_archive
598,ET-BA,2022-04,2026-06-19 09:59:07+00,142.4,8.04,32.94,127.35,open_meteo_archive
599,ET-BA,2022-05,2026-06-19 09:59:07+00,24.9,19.28,35.15,78.03,open_meteo_archive
600,ET-BA,2022-06,2026-06-19 09:59:07+00,71.0,9.88,68.63,46.55,open_meteo_archive
601,ET-BA,2022-07,2026-06-19 09:59:07+00,90.5,16.34,54.34,85.11,open_meteo_archive
602,ET-BA,2022-08,2026-06-19 09:59:07+00,119.4,14.56,55.78,102.3,open_meteo_archive
603,ET-BA,2022-09,2026-06-19 09:59:07+00,115.3,10.35,49.7,130.89,open_meteo_archive
604,ET-BA,2022-10,2026-06-19 09:59:07+00,150.2,2.88,61.85,119.56,open_meteo_archive
605,ET-BA,2022-11,2026-06-19 09:59:07+00,27.1,1.55,51.68,53.93,open_meteo_archive
606,ET-BA,2022-12,2026-06-19 09:59:07+00,7.2,0.0,41.68,8.27,open_meteo_archive
607,ET-BA,2023-01,2026-06-19 09:59:07+00,12.7,0.0,79.51,6.33,open_meteo_archive
608,ET-BA,2023-02,2026-06-19 09:59:07+00,3.7,0.0,39.76,10.3,open_meteo_archive
609,ET-BA,2023-03,2026-06-19 09:59:07+00,101.5,0.53,65.96,67.64,open_meteo_archive
610,ET-BA,2023-04,2026-06-19 09:59:07+00,145.0,9.3,52.92,127.35,open_meteo_archive
611,ET-BA,2023-05,2026-06-19 09:59:07+00,102.9,3.81,73.95,78.03,open_meteo_archive
612,ET-BA,2023-06,2026-06-19 09:59:07+00,57.5,4.23,78.89,46.55,open_meteo_archive
613,ET-BA,2023-07,2026-06-19 09:59:07+00,80.4,13.04,49.03,85.11,open_meteo_archive
614,ET-BA,2023-08,2026-06-19 09:59:07+00,66.2,17.31,36.42,102.3,open_meteo_archive
615,ET-BA,2023-09,2026-06-19 09:59:07+00,150.2,13.17,51.4,130.89,open_meteo_archive
616,ET-BA,2023-10,2026-06-19 09:59:07+00,131.5,13.14,47.39,119.56,open_meteo_archive
617,ET-BA,2023-11,2026-06-19 09:59:07+00,124.8,0.95,86.43,53.93,open_meteo_archive
618,ET-BA,2023-12,2026-06-19 09:59:07+00,2.5,0.0,65.68,8.27,open_meteo_archive
619,ET-BA,2024-01,2026-06-19 09:59:07+00,5.1,0.0,50.63,6.33,open_meteo_archive
620,ET-BA,2024-02,2026-06-19 09:59:07+00,17.3,0.0,72.82,10.99,open_meteo_archive
621,ET-BA,2024-03,2026-06-19 09:59:07+00,49.4,5.04,40.34,70.47,open_meteo_archive
622,ET-BA,2024-04,2026-06-19 09:59:07+00,146.1,5.81,66.45,128.19,open_meteo_archive
623,ET-BA,2024-05,2026-06-19 09:59:07+00,63.1,8.97,54.18,75.21,open_meteo_archive
624,ET-BA,2024-06,2026-06-19 09:59:07+00,35.1,17.2,31.61,46.92,open_meteo_archive
625,ET-BA,2024-07,2026-06-19 09:59:07+00,109.3,8.25,62.43,86.38,open_meteo_archive
626,ET-BA,2024-08,2026-06-19 09:59:07+00,127.9,10.62,78.36,103.21,open_meteo_archive
627,ET-BA,2024-09,2026-06-19 09:59:07+00,122.9,16.35,30.73,130.91,open_meteo_archive
628,ET-BA,2024-10,2026-06-19 09:59:07+00,216.8,6.9,80.77,118.46,open_meteo_archive
629,ET-BA,2024-11,2026-06-19 09:59:07+00,49.8,2.96,78.26,51.52,open_meteo_archive
630,ET-BA,2024-12,2026-06-19 09:59:07+00,0.0,0.0,48.36,7.69,open_meteo_archive
631,ET-BA,2025-01,2026-06-19 09:59:07+00,0.1,0.0,17.99,6.33,open_meteo_archive
632,ET-BA,2025-02,2026-06-19 09:59:07+00,0.1,0.0,7.1,10.3,open_meteo_archive
633,ET-BA,2025-03,2026-06-19 09:59:07+00,97.3,1.0,51.82,67.64,open_meteo_archive
634,ET-BA,2025-04,2026-06-19 09:59:07+00,89.9,17.68,44.48,127.35,open_meteo_archive
635,ET-BA,2025-05,2026-06-19 09:59:07+00,63.1,9.85,39.9,78.03,open_meteo_archive
636,ET-BA,2025-06,2026-06-19 09:59:07+00,35.7,13.03,36.51,46.55,open_meteo_archive
637,ET-BA,2025-07,2026-06-19 09:59:07+00,92.7,12.99,66.6,85.11,open_meteo_archive
638,ET-BA,2025-08,2026-06-19 09:59:07+00,113.1,7.26,45.47,102.3,open_meteo_archive
639,ET-BA,2025-09,2026-06-19 09:59:07+00,118.8,16.23,59.94,130.89,open_meteo_archive
640,ET-BA,2025-10,2026-06-19 09:59:07+00,68.5,13.67,24.83,119.56,open_meteo_archive
641,ET-BA,2025-11,2026-06-19 09:59:07+00,8.3,4.26,13.25,53.93,open_meteo_archive
642,ET-BA,2025-12,2026-06-19 09:59:07+00,15.5,0.0,52.48,8.27,open_meteo_archive
643,ET-BA,2026-01,2026-06-19 09:59:07+00,0.5,0.0,57.39,6.33,open_meteo_archive
644,ET-BA,2026-02,2026-06-19 09:59:07+00,2.2,0.0,39.38,10.3,open_meteo_archive
645,ET-BA,2026-03,2026-06-19 09:59:07+00,119.3,1.23,72.34,67.64,open_meteo_archive
646,ET-BA,2026-04,2026-06-19 09:59:07+00,95.4,10.12,53.84,127.35,open_meteo_archive
647,ET-BA,2026-05,2026-06-19 09:59:07+00,91.9,7.96,46.19,78.03,open_meteo_archive
648,ET-BA,2026-06,2026-06-19 09:59:07+00,33.3,1.42,97.58,19.51,open_meteo_forecast
703,ET-ES,2022-01,2026-06-19 09:59:44+00,13.5,0.0,82.79,3.54,open_meteo_archive
704,ET-ES,2022-02,2026-06-19 09:59:44+00,1.3,0.0,58.58,9.82,open_meteo_archive
705,ET-ES,2022-03,2026-06-19 09:59:44+00,22.2,1.18,34.17,58.29,open_meteo_archive
706,ET-ES,2022-04,2026-06-19 09:59:44+00,30.8,6.96,25.56,72.36,open_meteo_archive
707,ET-ES,2022-05,2026-06-19 09:59:44+00,0.8,9.75,11.31,61.87,open_meteo_archive
708,ET-ES,2022-06,2026-06-19 09:59:44+00,64.9,0.96,52.5,49.83,open_meteo_archive
709,ET-ES,2022-07,2026-06-19 09:59:44+00,109.1,11.63,46.64,112.06,open_meteo_archive
710,ET-ES,2022-08,2026-06-19 09:59:44+00,124.9,12.85,67.08,117.66,open_meteo_archive
711,ET-ES,2022-09,2026-06-19 09:59:44+00,164.3,2.99,87.23,104.94,open_meteo_archive
712,ET-ES,2022-10,2026-06-19 09:59:44+00,18.6,1.11,49.64,39.87,open_meteo_archive
713,ET-ES,2022-11,2026-06-19 09:59:44+00,5.0,0.0,42.45,8.1,open_meteo_archive
714,ET-ES,2022-12,2026-06-19 09:59:44+00,5.6,0.0,53.87,1.91,open_meteo_archive
715,ET-ES,2023-01,2026-06-19 09:59:44+00,2.3,0.0,77.22,3.54,open_meteo_archive
716,ET-ES,2023-02,2026-06-19 09:59:44+00,6.5,0.0,35.43,9.82,open_meteo_archive
717,ET-ES,2023-03,2026-06-19 09:59:44+00,133.0,0.18,86.26,58.29,open_meteo_archive
718,ET-ES,2023-04,2026-06-19 09:59:44+00,121.3,3.05,67.2,72.36,open_meteo_archive
719,ET-ES,2023-05,2026-06-19 09:59:44+00,143.3,2.62,86.97,61.87,open_meteo_archive
720,ET-ES,2023-06,2026-06-19 09:59:44+00,72.1,3.3,81.04,49.83,open_meteo_archive
721,ET-ES,2023-07,2026-06-19 09:59:44+00,128.5,13.42,61.79,112.06,open_meteo_archive
722,ET-ES,2023-08,2026-06-19 09:59:44+00,109.8,17.44,54.05,117.66,open_meteo_archive
723,ET-ES,2023-09,2026-06-19 09:59:44+00,159.7,8.16,69.53,104.94,open_meteo_archive
724,ET-ES,2023-10,2026-06-19 09:59:44+00,29.2,4.97,50.24,39.87,open_meteo_archive
725,ET-ES,2023-11,2026-06-19 09:59:44+00,9.5,0.0,85.4,8.1,open_meteo_archive
726,ET-ES,2023-12,2026-06-19 09:59:44+00,0.0,0.0,65.25,1.91,open_meteo_archive
727,ET-ES,2024-01,2026-06-19 09:59:44+00,1.7,0.0,28.24,3.54,open_meteo_archive
728,ET-ES,2024-02,2026-06-19 09:59:44+00,25.0,0.0,85.93,10.65,open_meteo_archive
729,ET-ES,2024-03,2026-06-19 09:59:44+00,95.6,1.0,64.67,59.64,open_meteo_archive
730,ET-ES,2024-04,2026-06-19 09:59:44+00,141.0,2.46,85.97,73.02,open_meteo_archive
731,ET-ES,2024-05,2026-06-19 09:59:44+00,34.2,2.28,59.71,60.31,open_meteo_archive
732,ET-ES,2024-06,2026-06-19 09:59:44+00,32.5,2.92,26.61,51.27,open_meteo_archive
733,ET-ES,2024-07,2026-06-19 09:59:44+00,132.4,11.58,69.91,113.24,open_meteo_archive
734,ET-ES,2024-08,2026-06-19 09:59:44+00,113.4,13.82,43.31,117.37,open_meteo_archive
735,ET-ES,2024-09,2026-06-19 09:59:44+00,68.6,17.78,27.89,104.06,open_meteo_archive
736,ET-ES,2024-10,2026-06-19 09:59:44+00,61.1,0.48,57.92,37.56,open_meteo_archive
737,ET-ES,2024-11,2026-06-19 09:59:44+00,12.0,0.0,80.82,7.76,open_meteo_archive
738,ET-ES,2024-12,2026-06-19 09:59:44+00,0.0,0.0,59.66,1.84,open_meteo_archive
739,ET-ES,2025-01,2026-06-19 09:59:44+00,0.0,0.0,19.16,3.54,open_meteo_archive
740,ET-ES,2025-02,2026-06-19 09:59:44+00,0.1,0.0,10.72,9.82,open_meteo_archive
741,ET-ES,2025-03,2026-06-19 09:59:44+00,61.7,0.41,48.68,58.29,open_meteo_archive
742,ET-ES,2025-04,2026-06-19 09:59:44+00,27.6,9.0,38.57,72.36,open_meteo_archive
743,ET-ES,2025-05,2026-06-19 09:59:44+00,62.0,4.85,50.8,61.87,open_meteo_archive
744,ET-ES,2025-06,2026-06-19 09:59:44+00,14.3,4.63,22.1,49.83,open_meteo_archive
745,ET-ES,2025-07,2026-06-19 09:59:44+00,76.6,15.4,25.06,112.06,open_meteo_archive
746,ET-ES,2025-08,2026-06-19 09:59:44+00,167.1,9.96,74.88,117.66,open_meteo_archive
747,ET-ES,2025-09,2026-06-19 09:59:44+00,62.6,13.44,32.39,104.94,open_meteo_archive
748,ET-ES,2025-10,2026-06-19 09:59:44+00,19.9,2.34,27.78,39.87,open_meteo_archive
749,ET-ES,2025-11,2026-06-19 09:59:44+00,0.0,0.0,13.1,8.1,open_meteo_archive
750,ET-ES,2025-12,2026-06-19 09:59:44+00,1.9,0.0,39.5,1.91,open_meteo_archive
751,ET-ES,2026-01,2026-06-19 09:59:44+00,0.3,0.0,50.24,3.54,open_meteo_archive
752,ET-ES,2026-02,2026-06-19 09:59:44+00,0.8,0.0,36.31,9.82,open_meteo_archive
753,ET-ES,2026-03,2026-06-19 09:59:44+00,86.6,0.24,62.9,58.29,open_meteo_archive
754,ET-ES,2026-04,2026-06-19 09:59:44+00,37.2,3.8,51.06,72.36,open_meteo_archive
755,ET-ES,2026-05,2026-06-19 09:59:44+00,67.5,5.31,42.22,61.87,open_meteo_archive
756,ET-ES,2026-06,2026-06-19 09:59:44+00,25.2,2.88,75.11,25.01,open_meteo_forecast
757,ET-SI,2022-01,2026-06-19 10:00:24+00,42.3,0.0,87.29,8.41,open_meteo_archive
758,ET-SI,2022-02,2026-06-19 10:00:24+00,2.5,0.0,61.18,18.75,open_meteo_archive
759,ET-SI,2022-03,2026-06-19 10:00:24+00,53.7,3.58,33.04,102.92,open_meteo_archive
760,ET-SI,2022-04,2026-06-19 10:00:24+00,69.5,10.57,27.97,110.33,open_meteo_archive
761,ET-SI,2022-05,2026-06-19 10:00:24+00,7.5,18.05,8.97,78.88,open_meteo_archive
762,ET-SI,2022-06,2026-06-19 10:00:24+00,103.5,5.51,45.07,71.43,open_meteo_archive
763,ET-SI,2022-07,2026-06-19 10:00:24+00,233.1,7.69,84.45,151.89,open_meteo_archive
764,ET-SI,2022-08,2026-06-19 10:00:24+00,278.2,6.11,88.49,183.25,open_meteo_archive
765,ET-SI,2022-09,2026-06-19 10:00:24+00,230.7,7.9,71.63,195.36,open_meteo_archive
766,ET-SI,2022-10,2026-06-19 10:00:24+00,83.6,1.33,60.35,90.52,open_meteo_archive
767,ET-SI,2022-11,2026-06-19 10:00:24+00,22.8,0.0,59.7,20.08,open_meteo_archive
768,ET-SI,2022-12,2026-06-19 10:00:24+00,3.3,0.0,60.8,3.37,open_meteo_archive
769,ET-SI,2023-01,2026-06-19 10:00:24+00,0.4,0.0,44.24,8.41,open_meteo_archive
770,ET-SI,2023-02,2026-06-19 10:00:24+00,14.6,0.0,14.92,18.75,open_meteo_archive
771,ET-SI,2023-03,2026-06-19 10:00:24+00,222.1,0.42,84.17,102.92,open_meteo_archive
772,ET-SI,2023-04,2026-06-19 10:00:24+00,170.0,4.45,78.51,110.33,open_meteo_archive
773,ET-SI,2023-05,2026-06-19 10:00:24+00,156.8,3.55,86.32,78.88,open_meteo_archive
774,ET-SI,2023-06,2026-06-19 10:00:24+00,109.8,8.6,86.28,71.43,open_meteo_archive
775,ET-SI,2023-07,2026-06-19 10:00:24+00,71.5,19.46,23.02,151.89,open_meteo_archive
776,ET-SI,2023-08,2026-06-19 10:00:24+00,109.2,24.52,15.82,183.25,open_meteo_archive
777,ET-SI,2023-09,2026-06-19 10:00:24+00,227.1,10.1,46.5,195.36,open_meteo_archive
778,ET-SI,2023-10,2026-06-19 10:00:24+00,71.0,10.26,38.88,90.52,open_meteo_archive
779,ET-SI,2023-11,2026-06-19 10:00:24+00,12.5,0.0,76.95,20.08,open_meteo_archive
780,ET-SI,2023-12,2026-06-19 10:00:24+00,0.1,0.0,56.5,3.37,open_meteo_archive
781,ET-SI,2024-01,2026-06-19 10:00:24+00,3.1,0.0,33.09,8.41,open_meteo_archive
782,ET-SI,2024-02,2026-06-19 10:00:24+00,29.9,0.0,79.07,20.31,open_meteo_archive
783,ET-SI,2024-03,2026-06-19 10:00:24+00,100.9,3.14,55.81,105.53,open_meteo_archive
784,ET-SI,2024-04,2026-06-19 10:00:24+00,133.9,4.37,63.14,109.78,open_meteo_archive
785,ET-SI,2024-05,2026-06-19 10:00:24+00,50.4,7.28,47.53,76.84,open_meteo_archive
786,ET-SI,2024-06,2026-06-19 10:00:24+00,41.0,18.3,26.51,73.4,open_meteo_archive
787,ET-SI,2024-07,2026-06-19 10:00:24+00,126.0,13.21,34.09,154.19,open_meteo_archive
788,ET-SI,2024-08,2026-06-19 10:00:24+00,256.5,7.1,76.25,183.57,open_meteo_archive
789,ET-SI,2024-09,2026-06-19 10:00:24+00,168.7,13.56,48.13,194.68,open_meteo_archive
790,ET-SI,2024-10,2026-06-19 10:00:24+00,129.7,0.22,60.25,86.26,open_meteo_archive
791,ET-SI,2024-11,2026-06-19 10:00:24+00,43.8,0.0,81.51,18.93,open_meteo_archive
792,ET-SI,2024-12,2026-06-19 10:00:24+00,0.0,0.0,51.06,3.27,open_meteo_archive
793,ET-SI,2025-01,2026-06-19 10:00:24+00,2.5,0.0,44.97,8.41,open_meteo_archive
794,ET-SI,2025-02,2026-06-19 10:00:24+00,0.1,0.0,26.94,18.75,open_meteo_archive
795,ET-SI,2025-03,2026-06-19 10:00:24+00,163.8,1.12,55.43,102.92,open_meteo_archive
796,ET-SI,2025-04,2026-06-19 10:00:24+00,46.4,16.4,38.82,110.33,open_meteo_archive
797,ET-SI,2025-05,2026-06-19 10:00:24+00,78.2,7.8,48.16,78.88,open_meteo_archive
798,ET-SI,2025-06,2026-06-19 10:00:24+00,33.7,15.81,35.44,71.43,open_meteo_archive
799,ET-SI,2025-07,2026-06-19 10:00:24+00,146.8,10.11,50.49,151.89,open_meteo_archive
800,ET-SI,2025-08,2026-06-19 10:00:24+00,172.5,13.04,45.56,183.25,open_meteo_archive
801,ET-SI,2025-09,2026-06-19 10:00:24+00,201.1,12.09,50.24,195.36,open_meteo_archive
802,ET-SI,2025-10,2026-06-19 10:00:24+00,35.7,4.4,31.43,90.52,open_meteo_archive
803,ET-SI,2025-11,2026-06-19 10:00:24+00,0.0,0.0,14.3,20.08,open_meteo_archive
804,ET-SI,2025-12,2026-06-19 10:00:24+00,9.5,0.0,52.23,3.37,open_meteo_archive
805,ET-SI,2026-01,2026-06-19 10:00:24+00,0.5,0.0,48.23,8.41,open_meteo_archive
806,ET-SI,2026-02,2026-06-19 10:00:24+00,2.0,0.0,41.26,18.75,open_meteo_archive
807,ET-SI,2026-03,2026-06-19 10:00:24+00,189.3,0.73,67.08,102.92,open_meteo_archive
808,ET-SI,2026-04,2026-06-19 10:00:24+00,104.7,6.74,69.66,110.33,open_meteo_archive
809,ET-SI,2026-05,2026-06-19 10:00:24+00,59.9,10.93,39.63,78.88,open_meteo_archive
810,ET-SI,2026-06,2026-06-19 10:00:24+00,39.1,2.94,67.96,34.05,open_meteo_forecast
649,ET-WA,2022-01,2026-06-19 09:59:24+00,27.5,0.0,68.1,6.95,open_meteo_archive
650,ET-WA,2022-02,2026-06-19 09:59:24+00,2.0,0.0,60.75,14.53,open_meteo_archive
651,ET-WA,2022-03,2026-06-19 09:59:24+00,37.3,4.77,33.68,85.56,open_meteo_archive
652,ET-WA,2022-04,2026-06-19 09:59:24+00,76.5,11.42,28.73,108.37,open_meteo_archive
653,ET-WA,2022-05,2026-06-19 09:59:24+00,17.6,29.24,11.54,93.67,open_meteo_archive
654,ET-WA,2022-06,2026-06-19 09:59:24+00,62.7,13.59,34.84,75.76,open_meteo_archive
655,ET-WA,2022-07,2026-06-19 09:59:24+00,74.1,20.39,21.1,101.04,open_meteo_archive
656,ET-WA,2022-08,2026-06-19 09:59:24+00,172.4,11.71,54.4,138.56,open_meteo_archive
657,ET-WA,2022-09,2026-06-19 09:59:24+00,193.9,12.65,78.47,173.87,open_meteo_archive
658,ET-WA,2022-10,2026-06-19 09:59:24+00,172.6,5.91,78.13,118.73,open_meteo_archive
659,ET-WA,2022-11,2026-06-19 09:59:24+00,17.6,1.68,51.42,29.36,open_meteo_archive
660,ET-WA,2022-12,2026-06-19 09:59:24+00,8.1,0.0,42.9,6.66,open_meteo_archive
661,ET-WA,2023-01,2026-06-19 09:59:24+00,2.8,0.0,67.64,6.95,open_meteo_archive
662,ET-WA,2023-02,2026-06-19 09:59:24+00,12.2,0.0,24.35,14.53,open_meteo_archive
663,ET-WA,2023-03,2026-06-19 09:59:24+00,179.8,1.04,82.38,85.56,open_meteo_archive
664,ET-WA,2023-04,2026-06-19 09:59:24+00,174.5,5.07,77.58,108.37,open_meteo_archive
665,ET-WA,2023-05,2026-06-19 09:59:24+00,149.0,3.71,87.08,93.67,open_meteo_archive
666,ET-WA,2023-06,2026-06-19 09:59:24+00,138.8,4.48,89.4,75.76,open_meteo_archive
667,ET-WA,2023-07,2026-06-19 09:59:24+00,80.7,16.93,40.75,101.04,open_meteo_archive
668,ET-WA,2023-08,2026-06-19 09:59:24+00,62.1,29.27,16.23,138.56,open_meteo_archive
669,ET-WA,2023-09,2026-06-19 09:59:24+00,231.5,12.54,65.25,173.87,open_meteo_archive
670,ET-WA,2023-10,2026-06-19 09:59:24+00,115.9,19.18,37.02,118.73,open_meteo_archive
671,ET-WA,2023-11,2026-06-19 09:59:24+00,41.9,0.24,82.88,29.36,open_meteo_archive
672,ET-WA,2023-12,2026-06-19 09:59:24+00,1.9,0.0,61.24,6.66,open_meteo_archive
673,ET-WA,2024-01,2026-06-19 09:59:24+00,2.8,0.0,30.33,6.95,open_meteo_archive
674,ET-WA,2024-02,2026-06-19 09:59:24+00,22.7,0.0,78.07,15.85,open_meteo_archive
675,ET-WA,2024-03,2026-06-19 09:59:24+00,94.4,2.61,57.8,87.7,open_meteo_archive
676,ET-WA,2024-04,2026-06-19 09:59:24+00,105.9,5.59,52.28,109.04,open_meteo_archive
677,ET-WA,2024-05,2026-06-19 09:59:24+00,53.0,18.79,41.88,91.81,open_meteo_archive
678,ET-WA,2024-06,2026-06-19 09:59:24+00,45.7,19.58,24.16,76.18,open_meteo_archive
679,ET-WA,2024-07,2026-06-19 09:59:24+00,131.1,10.03,53.57,102.17,open_meteo_archive
680,ET-WA,2024-08,2026-06-19 09:59:24+00,189.2,7.24,86.18,140.43,open_meteo_archive
681,ET-WA,2024-09,2026-06-19 09:59:24+00,157.6,9.99,48.73,173.22,open_meteo_archive
682,ET-WA,2024-10,2026-06-19 09:59:24+00,154.1,4.38,54.44,115.77,open_meteo_archive
683,ET-WA,2024-11,2026-06-19 09:59:24+00,36.0,0.63,76.77,27.52,open_meteo_archive
684,ET-WA,2024-12,2026-06-19 09:59:24+00,0.0,0.0,50.0,6.43,open_meteo_archive
685,ET-WA,2025-01,2026-06-19 09:59:24+00,0.9,0.0,19.59,6.95,open_meteo_archive
686,ET-WA,2025-02,2026-06-19 09:59:24+00,0.0,0.0,12.69,14.53,open_meteo_archive
687,ET-WA,2025-03,2026-06-19 09:59:24+00,95.3,2.01,41.92,85.56,open_meteo_archive
688,ET-WA,2025-04,2026-06-19 09:59:24+00,66.0,18.49,40.14,108.37,open_meteo_archive
689,ET-WA,2025-05,2026-06-19 09:59:24+00,83.0,10.78,40.73,93.67,open_meteo_archive
690,ET-WA,2025-06,2026-06-19 09:59:24+00,72.8,13.82,53.37,75.76,open_meteo_archive
691,ET-WA,2025-07,2026-06-19 09:59:24+00,99.6,9.89,65.08,101.04,open_meteo_archive
692,ET-WA,2025-08,2026-06-19 09:59:24+00,133.2,7.62,36.38,138.56,open_meteo_archive
693,ET-WA,2025-09,2026-06-19 09:59:24+00,148.2,11.6,38.88,173.87,open_meteo_archive
694,ET-WA,2025-10,2026-06-19 09:59:24+00,90.3,8.36,38.09,118.73,open_meteo_archive
695,ET-WA,2025-11,2026-06-19 09:59:24+00,2.9,0.9,17.38,29.36,open_meteo_archive
696,ET-WA,2025-12,2026-06-19 09:59:24+00,21.1,0.0,56.2,6.66,open_meteo_archive
697,ET-WA,2026-01,2026-06-19 09:59:24+00,0.9,0.0,66.13,6.95,open_meteo_archive
698,ET-WA,2026-02,2026-06-19 09:59:24+00,2.4,0.0,42.9,14.53,open_meteo_archive
699,ET-WA,2026-03,2026-06-19 09:59:24+00,190.2,1.06,81.65,85.56,open_meteo_archive
700,ET-WA,2026-04,2026-06-19 09:59:24+00,118.1,4.74,69.98,108.37,open_meteo_archive
701,ET-WA,2026-05,2026-06-19 09:59:24+00,106.0,6.61,62.07,93.67,open_meteo_archive
702,ET-WA,2026-06,2026-06-19 09:59:24+00,51.8,2.87,88.6,32.09,open_meteo_forecast
541,KE-CT,2022-01,2026-06-19 09:58:45+00,13.0,1.86,18.78,33.38,open_meteo_archive
542,KE-CT,2022-02,2026-06-19 09:58:45+00,16.5,0.0,38.42,40.36,open_meteo_archive
543,KE-CT,2022-03,2026-06-19 09:58:45+00,13.2,7.43,17.0,84.37,open_meteo_archive
544,KE-CT,2022-04,2026-06-19 09:58:45+00,100.8,14.53,24.61,132.49,open_meteo_archive
545,KE-CT,2022-05,2026-06-19 09:58:45+00,18.3,12.31,15.96,111.88,open_meteo_archive
546,KE-CT,2022-06,2026-06-19 09:58:45+00,46.8,2.88,39.87,38.05,open_meteo_archive
547,KE-CT,2022-07,2026-06-19 09:58:45+00,67.2,10.04,45.1,111.14,open_meteo_archive
548,KE-CT,2022-08,2026-06-19 09:58:45+00,181.1,5.35,63.22,140.3,open_meteo_archive
549,KE-CT,2022-09,2026-06-19 09:58:45+00,148.2,9.75,73.12,125.97,open_meteo_archive
550,KE-CT,2022-10,2026-06-19 09:58:45+00,81.8,17.09,31.88,127.85,open_meteo_archive
551,KE-CT,2022-11,2026-06-19 09:58:45+00,92.1,8.63,39.05,117.09,open_meteo_archive
552,KE-CT,2022-12,2026-06-19 09:58:45+00,62.5,7.04,46.11,68.91,open_meteo_archive
553,KE-CT,2023-01,2026-06-19 09:58:45+00,10.5,1.23,28.49,33.38,open_meteo_archive
554,KE-CT,2023-02,2026-06-19 09:58:45+00,3.2,0.0,7.03,40.36,open_meteo_archive
555,KE-CT,2023-03,2026-06-19 09:58:45+00,103.8,0.96,47.17,84.37,open_meteo_archive
556,KE-CT,2023-04,2026-06-19 09:58:45+00,164.9,4.74,56.63,132.49,open_meteo_archive
557,KE-CT,2023-05,2026-06-19 09:58:45+00,58.7,4.59,53.66,111.88,open_meteo_archive
558,KE-CT,2023-06,2026-06-19 09:58:45+00,26.6,4.84,36.15,38.05,open_meteo_archive
559,KE-CT,2023-07,2026-06-19 09:58:45+00,25.6,24.2,19.36,111.14,open_meteo_archive
560,KE-CT,2023-08,2026-06-19 09:58:45+00,51.7,26.49,13.74,140.3,open_meteo_archive
561,KE-CT,2023-09,2026-06-19 09:58:45+00,83.1,15.49,23.18,125.97,open_meteo_archive
562,KE-CT,2023-10,2026-06-19 09:58:45+00,91.1,15.83,32.4,127.85,open_meteo_archive
563,KE-CT,2023-11,2026-06-19 09:58:45+00,218.9,6.65,85.4,117.09,open_meteo_archive
564,KE-CT,2023-12,2026-06-19 09:58:45+00,52.9,11.19,55.63,68.91,open_meteo_archive
565,KE-CT,2024-01,2026-06-19 09:58:45+00,85.0,0.55,84.41,33.38,open_meteo_archive
566,KE-CT,2024-02,2026-06-19 09:58:45+00,32.3,0.0,65.05,42.25,open_meteo_archive
567,KE-CT,2024-03,2026-06-19 09:58:45+00,23.7,6.45,34.32,85.84,open_meteo_archive
568,KE-CT,2024-04,2026-06-19 09:58:45+00,163.7,10.18,51.22,134.69,open_meteo_archive
569,KE-CT,2024-05,2026-06-19 09:58:45+00,175.4,4.59,81.41,107.57,open_meteo_archive
570,KE-CT,2024-06,2026-06-19 09:58:45+00,20.2,5.22,56.39,39.13,open_meteo_archive
571,KE-CT,2024-07,2026-06-19 09:58:45+00,190.1,5.84,66.04,113.4,open_meteo_archive
572,KE-CT,2024-08,2026-06-19 09:58:45+00,163.9,8.36,81.12,139.71,open_meteo_archive
573,KE-CT,2024-09,2026-06-19 09:58:45+00,98.2,12.83,32.8,125.74,open_meteo_archive
574,KE-CT,2024-10,2026-06-19 09:58:45+00,101.3,15.82,58.9,128.76,open_meteo_archive
575,KE-CT,2024-11,2026-06-19 09:58:45+00,164.0,7.11,52.77,115.23,open_meteo_archive
576,KE-CT,2024-12,2026-06-19 09:58:45+00,35.4,12.04,52.81,66.08,open_meteo_archive
577,KE-CT,2025-01,2026-06-19 09:58:45+00,43.2,2.5,34.53,33.38,open_meteo_archive
578,KE-CT,2025-02,2026-06-19 09:58:45+00,3.9,0.0,56.99,40.36,open_meteo_archive
579,KE-CT,2025-03,2026-06-19 09:58:45+00,124.0,1.04,55.97,84.37,open_meteo_archive
580,KE-CT,2025-04,2026-06-19 09:58:45+00,141.3,14.23,76.25,132.49,open_meteo_archive
581,KE-CT,2025-05,2026-06-19 09:58:45+00,84.8,8.32,45.57,111.88,open_meteo_archive
582,KE-CT,2025-06,2026-06-19 09:58:45+00,51.6,6.06,68.29,38.05,open_meteo_archive
583,KE-CT,2025-07,2026-06-19 09:58:45+00,76.4,12.01,45.16,111.14,open_meteo_archive
584,KE-CT,2025-08,2026-06-19 09:58:45+00,173.8,7.88,55.48,140.3,open_meteo_archive
585,KE-CT,2025-09,2026-06-19 09:58:45+00,70.7,10.53,35.68,125.97,open_meteo_archive
586,KE-CT,2025-10,2026-06-19 09:58:45+00,192.2,9.6,55.73,127.85,open_meteo_archive
587,KE-CT,2025-11,2026-06-19 09:58:45+00,89.5,14.31,59.16,117.09,open_meteo_archive
588,KE-CT,2025-12,2026-06-19 09:58:45+00,77.1,6.1,41.2,68.91,open_meteo_archive
589,KE-CT,2026-01,2026-06-19 09:58:45+00,7.6,1.88,47.11,33.38,open_meteo_archive
590,KE-CT,2026-02,2026-06-19 09:58:45+00,111.8,0.0,51.0,40.36,open_meteo_archive
591,KE-CT,2026-03,2026-06-19 09:58:45+00,201.1,2.02,92.0,84.37,open_meteo_archive
592,KE-CT,2026-04,2026-06-19 09:58:45+00,118.1,9.01,49.25,132.49,open_meteo_archive
593,KE-CT,2026-05,2026-06-19 09:58:45+00,95.2,6.84,52.24,111.88,open_meteo_archive
594,KE-CT,2026-06,2026-06-19 09:58:45+00,47.3,3.02,96.24,18.0,open_meteo_forecast
487,KE-NY,2022-01,2026-06-19 09:58:22+00,98.7,3.07,41.09,79.65,open_meteo_archive
488,KE-NY,2022-02,2026-06-19 09:58:22+00,79.4,1.87,60.25,69.41,open_meteo_archive
489,KE-NY,2022-03,2026-06-19 09:58:22+00,40.7,8.25,35.41,113.27,open_meteo_archive
490,KE-NY,2022-04,2026-06-19 09:58:22+00,122.6,11.44,26.24,148.78,open_meteo_archive
491,KE-NY,2022-05,2026-06-19 09:58:22+00,122.8,8.54,60.37,102.28,open_meteo_archive
492,KE-NY,2022-06,2026-06-19 09:58:22+00,37.9,7.83,60.55,55.62,open_meteo_archive
493,KE-NY,2022-07,2026-06-19 09:58:22+00,76.8,7.36,49.61,49.42,open_meteo_archive
494,KE-NY,2022-08,2026-06-19 09:58:22+00,99.8,4.69,85.33,60.32,open_meteo_archive
495,KE-NY,2022-09,2026-06-19 09:58:22+00,68.7,8.69,68.95,61.07,open_meteo_archive
496,KE-NY,2022-10,2026-06-19 09:58:22+00,57.6,12.31,27.6,87.83,open_meteo_archive
497,KE-NY,2022-11,2026-06-19 09:58:22+00,135.5,5.4,52.82,110.5,open_meteo_archive
498,KE-NY,2022-12,2026-06-19 09:58:22+00,110.8,5.06,54.26,101.09,open_meteo_archive
499,KE-NY,2023-01,2026-06-19 09:58:22+00,2.0,4.52,22.1,79.65,open_meteo_archive
500,KE-NY,2023-02,2026-06-19 09:58:22+00,27.5,5.77,11.12,69.41,open_meteo_archive
501,KE-NY,2023-03,2026-06-19 09:58:22+00,185.5,2.12,71.77,113.27,open_meteo_archive
502,KE-NY,2023-04,2026-06-19 09:58:22+00,193.1,13.0,58.73,148.78,open_meteo_archive
503,KE-NY,2023-05,2026-06-19 09:58:22+00,54.3,16.08,48.86,102.28,open_meteo_archive
504,KE-NY,2023-06,2026-06-19 09:58:22+00,28.5,7.13,19.72,55.62,open_meteo_archive
505,KE-NY,2023-07,2026-06-19 09:58:22+00,26.5,6.32,25.25,49.42,open_meteo_archive
506,KE-NY,2023-08,2026-06-19 09:58:22+00,29.9,6.68,18.71,60.32,open_meteo_archive
507,KE-NY,2023-09,2026-06-19 09:58:22+00,76.3,7.08,67.44,61.07,open_meteo_archive
508,KE-NY,2023-10,2026-06-19 09:58:22+00,103.5,10.36,57.11,87.83,open_meteo_archive
509,KE-NY,2023-11,2026-06-19 09:58:22+00,161.8,4.1,75.94,110.5,open_meteo_archive
510,KE-NY,2023-12,2026-06-19 09:58:22+00,90.3,7.48,53.56,101.09,open_meteo_archive
511,KE-NY,2024-01,2026-06-19 09:58:22+00,154.4,0.4,84.52,79.65,open_meteo_archive
512,KE-NY,2024-02,2026-06-19 09:58:22+00,41.2,3.13,48.85,72.37,open_meteo_archive
513,KE-NY,2024-03,2026-06-19 09:58:22+00,44.2,9.11,23.05,114.67,open_meteo_archive
514,KE-NY,2024-04,2026-06-19 09:58:22+00,126.3,12.99,36.34,149.28,open_meteo_archive
515,KE-NY,2024-05,2026-06-19 09:58:22+00,54.0,13.32,16.71,99.22,open_meteo_archive
516,KE-NY,2024-06,2026-06-19 09:58:22+00,32.5,7.81,28.2,55.87,open_meteo_archive
517,KE-NY,2024-07,2026-06-19 09:58:22+00,76.3,5.29,68.6,49.21,open_meteo_archive
518,KE-NY,2024-08,2026-06-19 09:58:22+00,37.6,6.45,48.35,60.29,open_meteo_archive
519,KE-NY,2024-09,2026-06-19 09:58:22+00,57.5,7.8,31.36,61.33,open_meteo_archive
520,KE-NY,2024-10,2026-06-19 09:58:22+00,83.0,8.3,59.63,89.41,open_meteo_archive
521,KE-NY,2024-11,2026-06-19 09:58:22+00,180.6,6.5,62.77,110.19,open_meteo_archive
522,KE-NY,2024-12,2026-06-19 09:58:22+00,89.5,6.39,65.84,97.74,open_meteo_archive
523,KE-NY,2025-01,2026-06-19 09:58:22+00,52.2,2.44,28.65,79.65,open_meteo_archive
524,KE-NY,2025-02,2026-06-19 09:58:22+00,6.6,6.16,34.64,69.41,open_meteo_archive
525,KE-NY,2025-03,2026-06-19 09:58:22+00,91.6,4.33,36.25,113.27,open_meteo_archive
526,KE-NY,2025-04,2026-06-19 09:58:22+00,169.8,13.05,68.05,148.78,open_meteo_archive
527,KE-NY,2025-05,2026-06-19 09:58:22+00,104.9,7.56,53.15,102.28,open_meteo_archive
528,KE-NY,2025-06,2026-06-19 09:58:22+00,61.9,6.35,65.75,55.62,open_meteo_archive
529,KE-NY,2025-07,2026-06-19 09:58:22+00,51.5,3.8,69.53,49.42,open_meteo_archive
530,KE-NY,2025-08,2026-06-19 09:58:22+00,81.5,5.14,57.29,60.32,open_meteo_archive
531,KE-NY,2025-09,2026-06-19 09:58:22+00,39.8,8.13,36.82,61.07,open_meteo_archive
532,KE-NY,2025-10,2026-06-19 09:58:22+00,148.6,8.89,62.31,87.83,open_meteo_archive
533,KE-NY,2025-11,2026-06-19 09:58:22+00,37.3,13.48,46.69,110.5,open_meteo_archive
534,KE-NY,2025-12,2026-06-19 09:58:22+00,151.9,6.42,41.09,101.09,open_meteo_archive
535,KE-NY,2026-01,2026-06-19 09:58:22+00,51.6,2.47,63.92,79.65,open_meteo_archive
536,KE-NY,2026-02,2026-06-19 09:58:22+00,187.4,0.43,77.59,69.41,open_meteo_archive
537,KE-NY,2026-03,2026-06-19 09:58:22+00,284.9,1.73,93.88,113.27,open_meteo_archive
538,KE-NY,2026-04,2026-06-19 09:58:22+00,144.4,10.99,65.07,148.78,open_meteo_archive
539,KE-NY,2026-05,2026-06-19 09:58:22+00,93.7,7.78,53.89,102.28,open_meteo_archive
540,KE-NY,2026-06,2026-06-19 09:58:22+00,7.1,8.9,58.39,22.53,open_meteo_forecast
433,KE-RV,2022-01,2026-06-19 09:58:14+00,58.1,8.77,25.56,99.17,open_meteo_archive
434,KE-RV,2022-02,2026-06-19 09:58:14+00,100.8,1.75,62.17,80.33,open_meteo_archive
435,KE-RV,2022-03,2026-06-19 09:58:14+00,49.0,14.17,31.76,148.25,open_meteo_archive
436,KE-RV,2022-04,2026-06-19 09:58:14+00,158.3,17.81,30.32,192.97,open_meteo_archive
437,KE-RV,2022-05,2026-06-19 09:58:14+00,99.9,11.37,48.6,120.02,open_meteo_archive
438,KE-RV,2022-06,2026-06-19 09:58:14+00,55.5,14.37,50.56,60.87,open_meteo_archive
439,KE-RV,2022-07,2026-06-19 09:58:14+00,30.7,14.99,15.82,66.33,open_meteo_archive
440,KE-RV,2022-08,2026-06-19 09:58:14+00,88.3,11.86,62.73,76.42,open_meteo_archive
441,KE-RV,2022-09,2026-06-19 09:58:14+00,104.2,9.52,72.02,77.92,open_meteo_archive
442,KE-RV,2022-10,2026-06-19 09:58:14+00,71.0,15.13,51.07,86.95,open_meteo_archive
443,KE-RV,2022-11,2026-06-19 09:58:14+00,179.3,9.16,64.37,132.26,open_meteo_archive
444,KE-RV,2022-12,2026-06-19 09:58:14+00,97.5,11.25,46.97,118.43,open_meteo_archive
445,KE-RV,2023-01,2026-06-19 09:58:14+00,2.9,11.27,16.47,99.17,open_meteo_archive
446,KE-RV,2023-02,2026-06-19 09:58:14+00,1.4,11.27,6.62,80.33,open_meteo_archive
447,KE-RV,2023-03,2026-06-19 09:58:14+00,170.1,7.79,41.73,148.25,open_meteo_archive
448,KE-RV,2023-04,2026-06-19 09:58:14+00,212.5,12.62,60.14,192.97,open_meteo_archive
449,KE-RV,2023-05,2026-06-19 09:58:14+00,84.3,16.68,42.7,120.02,open_meteo_archive
450,KE-RV,2023-06,2026-06-19 09:58:14+00,78.2,8.1,51.46,60.87,open_meteo_archive
451,KE-RV,2023-07,2026-06-19 09:58:14+00,21.0,10.08,31.49,66.33,open_meteo_archive
452,KE-RV,2023-08,2026-06-19 09:58:14+00,28.2,11.51,14.67,76.42,open_meteo_archive
453,KE-RV,2023-09,2026-06-19 09:58:14+00,127.4,3.55,69.68,77.92,open_meteo_archive
454,KE-RV,2023-10,2026-06-19 09:58:14+00,45.8,11.19,32.65,86.95,open_meteo_archive
455,KE-RV,2023-11,2026-06-19 09:58:14+00,278.3,2.36,79.89,132.26,open_meteo_archive
456,KE-RV,2023-12,2026-06-19 09:58:14+00,118.6,7.44,68.09,118.43,open_meteo_archive
457,KE-RV,2024-01,2026-06-19 09:58:14+00,252.3,1.26,90.2,99.17,open_meteo_archive
458,KE-RV,2024-02,2026-06-19 09:58:14+00,62.8,5.41,50.5,84.19,open_meteo_archive
459,KE-RV,2024-03,2026-06-19 09:58:14+00,74.6,13.19,44.03,150.07,open_meteo_archive
460,KE-RV,2024-04,2026-06-19 09:58:14+00,283.9,5.96,75.11,193.65,open_meteo_archive
461,KE-RV,2024-05,2026-06-19 09:58:14+00,102.6,9.19,57.88,115.44,open_meteo_archive
462,KE-RV,2024-06,2026-06-19 09:58:14+00,28.2,13.08,29.78,61.61,open_meteo_archive
463,KE-RV,2024-07,2026-06-19 09:58:14+00,112.3,5.14,63.77,65.98,open_meteo_archive
464,KE-RV,2024-08,2026-06-19 09:58:14+00,42.5,12.75,42.12,76.72,open_meteo_archive
465,KE-RV,2024-09,2026-06-19 09:58:14+00,66.3,14.62,20.99,77.91,open_meteo_archive
466,KE-RV,2024-10,2026-06-19 09:58:14+00,81.6,16.82,67.89,88.07,open_meteo_archive
467,KE-RV,2024-11,2026-06-19 09:58:14+00,204.3,5.83,56.28,133.0,open_meteo_archive
468,KE-RV,2024-12,2026-06-19 09:58:14+00,144.9,8.77,75.13,114.11,open_meteo_archive
469,KE-RV,2025-01,2026-06-19 09:58:14+00,107.5,6.66,47.65,99.17,open_meteo_archive
470,KE-RV,2025-02,2026-06-19 09:58:14+00,19.5,7.6,55.24,80.33,open_meteo_archive
471,KE-RV,2025-03,2026-06-19 09:58:14+00,202.1,5.98,55.05,148.25,open_meteo_archive
472,KE-RV,2025-04,2026-06-19 09:58:14+00,174.6,17.88,60.29,192.97,open_meteo_archive
473,KE-RV,2025-05,2026-06-19 09:58:14+00,117.5,12.23,45.42,120.02,open_meteo_archive
474,KE-RV,2025-06,2026-06-19 09:58:14+00,81.5,7.75,60.36,60.87,open_meteo_archive
475,KE-RV,2025-07,2026-06-19 09:58:14+00,110.9,4.61,83.25,66.33,open_meteo_archive
476,KE-RV,2025-08,2026-06-19 09:58:14+00,112.5,6.49,72.17,76.42,open_meteo_archive
477,KE-RV,2025-09,2026-06-19 09:58:14+00,40.5,15.35,27.44,77.92,open_meteo_archive
478,KE-RV,2025-10,2026-06-19 09:58:14+00,145.2,10.75,60.48,86.95,open_meteo_archive
479,KE-RV,2025-11,2026-06-19 09:58:14+00,27.3,23.66,42.92,132.26,open_meteo_archive
480,KE-RV,2025-12,2026-06-19 09:58:14+00,87.9,18.45,17.55,118.43,open_meteo_archive
481,KE-RV,2026-01,2026-06-19 09:58:14+00,10.7,7.21,36.46,99.17,open_meteo_archive
482,KE-RV,2026-02,2026-06-19 09:58:14+00,164.3,3.25,45.89,80.33,open_meteo_archive
483,KE-RV,2026-03,2026-06-19 09:58:14+00,326.5,4.83,92.07,148.25,open_meteo_archive
484,KE-RV,2026-04,2026-06-19 09:58:14+00,167.3,16.51,38.19,192.97,open_meteo_archive
485,KE-RV,2026-05,2026-06-19 09:58:14+00,116.6,11.58,58.47,120.02,open_meteo_archive
486,KE-RV,2026-06,2026-06-19 09:58:14+00,59.3,1.54,84.08,27.98,open_meteo_forecast
379,KE-WR,2022-01,2026-06-19 09:57:56+00,98.7,3.07,41.09,79.65,open_meteo_archive
380,KE-WR,2022-02,2026-06-19 09:57:56+00,79.4,1.87,60.25,69.41,open_meteo_archive
381,KE-WR,2022-03,2026-06-19 09:57:56+00,40.7,8.25,35.41,113.27,open_meteo_archive
382,KE-WR,2022-04,2026-06-19 09:57:56+00,122.6,11.44,26.24,148.78,open_meteo_archive
383,KE-WR,2022-05,2026-06-19 09:57:56+00,122.8,8.54,60.37,102.28,open_meteo_archive
384,KE-WR,2022-06,2026-06-19 09:57:56+00,37.9,7.83,60.55,55.62,open_meteo_archive
385,KE-WR,2022-07,2026-06-19 09:57:56+00,76.8,7.36,49.61,49.42,open_meteo_archive
386,KE-WR,2022-08,2026-06-19 09:57:56+00,99.8,4.69,85.33,60.32,open_meteo_archive
387,KE-WR,2022-09,2026-06-19 09:57:56+00,68.7,8.69,68.95,61.07,open_meteo_archive
388,KE-WR,2022-10,2026-06-19 09:57:56+00,57.6,12.31,27.6,87.83,open_meteo_archive
389,KE-WR,2022-11,2026-06-19 09:57:56+00,135.5,5.4,52.82,110.5,open_meteo_archive
390,KE-WR,2022-12,2026-06-19 09:57:56+00,110.8,5.06,54.26,101.09,open_meteo_archive
391,KE-WR,2023-01,2026-06-19 09:57:56+00,2.0,4.52,22.1,79.65,open_meteo_archive
392,KE-WR,2023-02,2026-06-19 09:57:56+00,27.5,5.77,11.12,69.41,open_meteo_archive
393,KE-WR,2023-03,2026-06-19 09:57:56+00,185.5,2.12,71.77,113.27,open_meteo_archive
394,KE-WR,2023-04,2026-06-19 09:57:56+00,193.1,13.0,58.73,148.78,open_meteo_archive
395,KE-WR,2023-05,2026-06-19 09:57:56+00,54.3,16.08,48.86,102.28,open_meteo_archive
396,KE-WR,2023-06,2026-06-19 09:57:56+00,28.5,7.13,19.72,55.62,open_meteo_archive
397,KE-WR,2023-07,2026-06-19 09:57:56+00,26.5,6.32,25.25,49.42,open_meteo_archive
398,KE-WR,2023-08,2026-06-19 09:57:56+00,29.9,6.68,18.71,60.32,open_meteo_archive
399,KE-WR,2023-09,2026-06-19 09:57:56+00,76.3,7.08,67.44,61.07,open_meteo_archive
400,KE-WR,2023-10,2026-06-19 09:57:56+00,103.5,10.36,57.11,87.83,open_meteo_archive
401,KE-WR,2023-11,2026-06-19 09:57:56+00,161.8,4.1,75.94,110.5,open_meteo_archive
402,KE-WR,2023-12,2026-06-19 09:57:56+00,90.3,7.48,53.56,101.09,open_meteo_archive
403,KE-WR,2024-01,2026-06-19 09:57:56+00,154.4,0.4,84.52,79.65,open_meteo_archive
404,KE-WR,2024-02,2026-06-19 09:57:56+00,41.2,3.13,48.85,72.37,open_meteo_archive
405,KE-WR,2024-03,2026-06-19 09:57:56+00,44.2,9.11,23.05,114.67,open_meteo_archive
406,KE-WR,2024-04,2026-06-19 09:57:56+00,126.3,12.99,36.34,149.28,open_meteo_archive
407,KE-WR,2024-05,2026-06-19 09:57:56+00,54.0,13.32,16.71,99.22,open_meteo_archive
408,KE-WR,2024-06,2026-06-19 09:57:56+00,32.5,7.81,28.2,55.87,open_meteo_archive
409,KE-WR,2024-07,2026-06-19 09:57:56+00,76.3,5.29,68.6,49.21,open_meteo_archive
410,KE-WR,2024-08,2026-06-19 09:57:56+00,37.6,6.45,48.35,60.29,open_meteo_archive
411,KE-WR,2024-09,2026-06-19 09:57:56+00,57.5,7.8,31.36,61.33,open_meteo_archive
412,KE-WR,2024-10,2026-06-19 09:57:56+00,83.0,8.3,59.63,89.41,open_meteo_archive
413,KE-WR,2024-11,2026-06-19 09:57:56+00,180.6,6.5,62.77,110.19,open_meteo_archive
414,KE-WR,2024-12,2026-06-19 09:57:56+00,89.5,6.39,65.84,97.74,open_meteo_archive
415,KE-WR,2025-01,2026-06-19 09:57:56+00,52.2,2.44,28.65,79.65,open_meteo_archive
416,KE-WR,2025-02,2026-06-19 09:57:56+00,6.6,6.16,34.64,69.41,open_meteo_archive
417,KE-WR,2025-03,2026-06-19 09:57:56+00,91.6,4.33,36.25,113.27,open_meteo_archive
418,KE-WR,2025-04,2026-06-19 09:57:56+00,169.8,13.05,68.05,148.78,open_meteo_archive
419,KE-WR,2025-05,2026-06-19 09:57:56+00,104.9,7.56,53.15,102.28,open_meteo_archive
420,KE-WR,2025-06,2026-06-19 09:57:56+00,61.9,6.35,65.75,55.62,open_meteo_archive
421,KE-WR,2025-07,2026-06-19 09:57:56+00,51.5,3.8,69.53,49.42,open_meteo_archive
422,KE-WR,2025-08,2026-06-19 09:57:56+00,81.5,5.14,57.29,60.32,open_meteo_archive
423,KE-WR,2025-09,2026-06-19 09:57:56+00,39.8,8.13,36.82,61.07,open_meteo_archive
424,KE-WR,2025-10,2026-06-19 09:57:56+00,148.6,8.89,62.31,87.83,open_meteo_archive
425,KE-WR,2025-11,2026-06-19 09:57:56+00,37.3,13.48,46.69,110.5,open_meteo_archive
426,KE-WR,2025-12,2026-06-19 09:57:56+00,151.9,6.42,41.09,101.09,open_meteo_archive
427,KE-WR,2026-01,2026-06-19 09:57:56+00,51.6,2.47,63.92,79.65,open_meteo_archive
428,KE-WR,2026-02,2026-06-19 09:57:56+00,187.4,0.43,77.59,69.41,open_meteo_archive
429,KE-WR,2026-03,2026-06-19 09:57:56+00,284.9,1.73,93.88,113.27,open_meteo_archive
430,KE-WR,2026-04,2026-06-19 09:57:56+00,144.4,10.99,65.07,148.78,open_meteo_archive
431,KE-WR,2026-05,2026-06-19 09:57:56+00,93.7,7.78,53.89,102.28,open_meteo_archive
432,KE-WR,2026-06,2026-06-19 09:57:56+00,7.1,8.9,58.39,22.53,open_meteo_forecast
325,NG-KD,2022-01,2026-06-19 09:57:38+00,0.4,0.0,83.13,0.04,open_meteo_archive
326,NG-KD,2022-02,2026-06-19 09:57:38+00,0.0,0.0,84.62,0.33,open_meteo_archive
327,NG-KD,2022-03,2026-06-19 09:57:38+00,0.0,0.0,44.31,2.5,open_meteo_archive
328,NG-KD,2022-04,2026-06-19 09:57:38+00,43.8,0.0,76.92,16.13,open_meteo_archive
329,NG-KD,2022-05,2026-06-19 09:57:38+00,80.4,3.2,75.71,55.36,open_meteo_archive
330,NG-KD,2022-06,2026-06-19 09:57:38+00,149.5,6.11,82.17,85.75,open_meteo_archive
331,NG-KD,2022-07,2026-06-19 09:57:38+00,237.1,10.2,86.39,149.77,open_meteo_archive
332,NG-KD,2022-08,2026-06-19 09:57:38+00,196.8,17.23,44.02,213.01,open_meteo_archive
333,NG-KD,2022-09,2026-06-19 09:57:38+00,212.2,7.0,81.33,175.66,open_meteo_archive
334,NG-KD,2022-10,2026-06-19 09:57:38+00,39.1,0.59,51.82,56.81,open_meteo_archive
335,NG-KD,2022-11,2026-06-19 09:57:38+00,0.0,0.0,34.02,2.11,open_meteo_archive
336,NG-KD,2022-12,2026-06-19 09:57:38+00,0.0,0.0,30.65,0.45,open_meteo_archive
337,NG-KD,2023-01,2026-06-19 09:57:38+00,0.0,0.0,34.52,0.04,open_meteo_archive
338,NG-KD,2023-02,2026-06-19 09:57:38+00,0.0,0.0,35.71,0.33,open_meteo_archive
339,NG-KD,2023-03,2026-06-19 09:57:38+00,4.0,0.0,46.86,2.5,open_meteo_archive
340,NG-KD,2023-04,2026-06-19 09:57:38+00,21.9,0.0,69.34,16.13,open_meteo_archive
341,NG-KD,2023-05,2026-06-19 09:57:38+00,53.0,2.92,57.41,55.36,open_meteo_archive
342,NG-KD,2023-06,2026-06-19 09:57:38+00,94.8,6.08,64.11,85.75,open_meteo_archive
343,NG-KD,2023-07,2026-06-19 09:57:38+00,112.0,15.41,37.0,149.77,open_meteo_archive
344,NG-KD,2023-08,2026-06-19 09:57:38+00,210.8,14.45,38.63,213.01,open_meteo_archive
345,NG-KD,2023-09,2026-06-19 09:57:38+00,195.8,12.72,66.97,175.66,open_meteo_archive
346,NG-KD,2023-10,2026-06-19 09:57:38+00,40.6,1.72,52.55,56.81,open_meteo_archive
347,NG-KD,2023-11,2026-06-19 09:57:38+00,7.2,0.0,55.94,2.11,open_meteo_archive
348,NG-KD,2023-12,2026-06-19 09:57:38+00,0.0,0.0,90.65,0.45,open_meteo_archive
349,NG-KD,2024-01,2026-06-19 09:57:38+00,0.0,0.0,79.54,0.04,open_meteo_archive
350,NG-KD,2024-02,2026-06-19 09:57:38+00,2.5,0.0,80.09,0.36,open_meteo_archive
351,NG-KD,2024-03,2026-06-19 09:57:38+00,0.6,0.0,70.69,2.77,open_meteo_archive
352,NG-KD,2024-04,2026-06-19 09:57:38+00,7.9,0.0,34.66,16.53,open_meteo_archive
353,NG-KD,2024-05,2026-06-19 09:57:38+00,45.2,4.0,34.72,57.47,open_meteo_archive
354,NG-KD,2024-06,2026-06-19 09:57:38+00,34.3,18.35,24.13,86.26,open_meteo_archive
355,NG-KD,2024-07,2026-06-19 09:57:38+00,187.9,10.61,64.08,152.6,open_meteo_archive
356,NG-KD,2024-08,2026-06-19 09:57:38+00,186.9,16.12,42.37,213.67,open_meteo_archive
357,NG-KD,2024-09,2026-06-19 09:57:38+00,173.6,12.75,44.75,173.12,open_meteo_archive
358,NG-KD,2024-10,2026-06-19 09:57:38+00,74.9,0.71,68.07,52.78,open_meteo_archive
359,NG-KD,2024-11,2026-06-19 09:57:38+00,0.0,0.0,63.23,1.9,open_meteo_archive
360,NG-KD,2024-12,2026-06-19 09:57:38+00,0.0,0.0,52.14,0.41,open_meteo_archive
361,NG-KD,2025-01,2026-06-19 09:57:38+00,0.0,0.0,48.74,0.04,open_meteo_archive
362,NG-KD,2025-02,2026-06-19 09:57:38+00,0.0,0.0,49.15,0.33,open_meteo_archive
363,NG-KD,2025-03,2026-06-19 09:57:38+00,0.0,0.0,21.89,2.5,open_meteo_archive
364,NG-KD,2025-04,2026-06-19 09:57:38+00,1.4,0.0,21.6,16.13,open_meteo_archive
365,NG-KD,2025-05,2026-06-19 09:57:38+00,44.9,3.47,36.16,55.36,open_meteo_archive
366,NG-KD,2025-06,2026-06-19 09:57:38+00,101.7,8.61,65.44,85.75,open_meteo_archive
367,NG-KD,2025-07,2026-06-19 09:57:38+00,176.1,7.26,53.59,149.77,open_meteo_archive
368,NG-KD,2025-08,2026-06-19 09:57:38+00,202.8,8.75,65.41,213.01,open_meteo_archive
369,NG-KD,2025-09,2026-06-19 09:57:38+00,156.8,9.57,34.67,175.66,open_meteo_archive
370,NG-KD,2025-10,2026-06-19 09:57:38+00,74.7,0.78,59.52,56.81,open_meteo_archive
371,NG-KD,2025-11,2026-06-19 09:57:38+00,0.0,0.0,42.75,2.11,open_meteo_archive
372,NG-KD,2025-12,2026-06-19 09:57:38+00,0.0,0.0,37.56,0.45,open_meteo_archive
373,NG-KD,2026-01,2026-06-19 09:57:38+00,0.0,0.0,38.96,0.04,open_meteo_archive
374,NG-KD,2026-02,2026-06-19 09:57:38+00,0.0,0.0,40.01,0.33,open_meteo_archive
375,NG-KD,2026-03,2026-06-19 09:57:38+00,2.5,0.0,61.55,2.5,open_meteo_archive
376,NG-KD,2026-04,2026-06-19 09:57:38+00,24.5,0.0,72.37,16.13,open_meteo_archive
377,NG-KD,2026-05,2026-06-19 09:57:38+00,65.6,1.3,61.13,55.36,open_meteo_archive
378,NG-KD,2026-06,2026-06-19 09:57:38+00,38.3,2.91,64.84,35.97,open_meteo_forecast
271,NG-KN,2022-01,2026-06-19 09:57:32+00,0.0,0.0,0.0,0.0,open_meteo_archive
272,NG-KN,2022-02,2026-06-19 09:57:32+00,0.0,0.0,0.0,0.01,open_meteo_archive
273,NG-KN,2022-03,2026-06-19 09:57:32+00,0.0,0.0,0.0,0.04,open_meteo_archive
274,NG-KN,2022-04,2026-06-19 09:57:32+00,0.6,0.0,50.72,0.5,open_meteo_archive
275,NG-KN,2022-05,2026-06-19 09:57:32+00,6.7,0.0,71.92,10.88,open_meteo_archive
276,NG-KN,2022-06,2026-06-19 09:57:32+00,102.3,0.71,65.27,61.64,open_meteo_archive
277,NG-KN,2022-07,2026-06-19 09:57:32+00,84.7,10.48,51.34,130.77,open_meteo_archive
278,NG-KN,2022-08,2026-06-19 09:57:32+00,358.8,16.46,82.45,219.7,open_meteo_archive
279,NG-KN,2022-09,2026-06-19 09:57:32+00,201.4,3.75,82.32,142.65,open_meteo_archive
280,NG-KN,2022-10,2026-06-19 09:57:32+00,12.2,0.0,59.15,21.82,open_meteo_archive
281,NG-KN,2022-11,2026-06-19 09:57:32+00,0.0,0.0,50.97,0.11,open_meteo_archive
282,NG-KN,2022-12,2026-06-19 09:57:32+00,0.0,0.0,52.26,0.0,open_meteo_archive
283,NG-KN,2023-01,2026-06-19 09:57:32+00,0.0,0.0,58.63,0.0,open_meteo_archive
284,NG-KN,2023-02,2026-06-19 09:57:32+00,0.0,0.0,55.22,0.01,open_meteo_archive
285,NG-KN,2023-03,2026-06-19 09:57:32+00,0.2,0.0,66.68,0.04,open_meteo_archive
286,NG-KN,2023-04,2026-06-19 09:57:32+00,1.2,0.0,80.29,0.5,open_meteo_archive
287,NG-KN,2023-05,2026-06-19 09:57:32+00,1.0,0.0,61.73,10.88,open_meteo_archive
288,NG-KN,2023-06,2026-06-19 09:57:32+00,101.2,0.92,75.25,61.64,open_meteo_archive
289,NG-KN,2023-07,2026-06-19 09:57:32+00,81.2,11.7,34.78,130.77,open_meteo_archive
290,NG-KN,2023-08,2026-06-19 09:57:32+00,236.8,12.27,50.8,219.7,open_meteo_archive
291,NG-KN,2023-09,2026-06-19 09:57:32+00,159.8,5.51,58.8,142.65,open_meteo_archive
292,NG-KN,2023-10,2026-06-19 09:57:32+00,25.3,0.0,62.95,21.82,open_meteo_archive
293,NG-KN,2023-11,2026-06-19 09:57:32+00,0.0,0.0,49.03,0.11,open_meteo_archive
294,NG-KN,2023-12,2026-06-19 09:57:32+00,0.0,0.0,50.37,0.0,open_meteo_archive
295,NG-KN,2024-01,2026-06-19 09:57:32+00,0.0,0.0,56.99,0.0,open_meteo_archive
296,NG-KN,2024-02,2026-06-19 09:57:32+00,0.1,0.0,66.89,0.01,open_meteo_archive
297,NG-KN,2024-03,2026-06-19 09:57:32+00,0.0,0.0,85.21,0.04,open_meteo_archive
298,NG-KN,2024-04,2026-06-19 09:57:32+00,0.0,0.0,60.07,0.54,open_meteo_archive
299,NG-KN,2024-05,2026-06-19 09:57:32+00,4.9,0.0,26.78,11.9,open_meteo_archive
300,NG-KN,2024-06,2026-06-19 09:57:32+00,70.6,3.08,59.18,63.34,open_meteo_archive
301,NG-KN,2024-07,2026-06-19 09:57:32+00,140.9,8.49,71.07,134.13,open_meteo_archive
302,NG-KN,2024-08,2026-06-19 09:57:32+00,186.6,10.8,33.07,220.6,open_meteo_archive
303,NG-KN,2024-09,2026-06-19 09:57:32+00,127.9,6.06,46.73,137.56,open_meteo_archive
304,NG-KN,2024-10,2026-06-19 09:57:32+00,14.7,0.0,50.55,20.0,open_meteo_archive
305,NG-KN,2024-11,2026-06-19 09:57:32+00,0.0,0.0,43.87,0.01,open_meteo_archive
306,NG-KN,2024-12,2026-06-19 09:57:32+00,0.0,0.0,43.93,0.0,open_meteo_archive
307,NG-KN,2025-01,2026-06-19 09:57:32+00,0.0,0.0,49.87,0.0,open_meteo_archive
308,NG-KN,2025-02,2026-06-19 09:57:32+00,0.0,0.0,47.08,0.01,open_meteo_archive
309,NG-KN,2025-03,2026-06-19 09:57:32+00,0.0,0.0,39.51,0.04,open_meteo_archive
310,NG-KN,2025-04,2026-06-19 09:57:32+00,0.0,0.0,29.28,0.5,open_meteo_archive
311,NG-KN,2025-05,2026-06-19 09:57:32+00,1.9,0.0,40.16,10.88,open_meteo_archive
312,NG-KN,2025-06,2026-06-19 09:57:32+00,56.0,1.66,48.52,61.64,open_meteo_archive
313,NG-KN,2025-07,2026-06-19 09:57:32+00,189.6,7.35,53.55,130.77,open_meteo_archive
314,NG-KN,2025-08,2026-06-19 09:57:32+00,222.1,12.26,67.41,219.7,open_meteo_archive
315,NG-KN,2025-09,2026-06-19 09:57:32+00,182.8,6.68,68.11,142.65,open_meteo_archive
316,NG-KN,2025-10,2026-06-19 09:57:32+00,10.9,0.0,53.78,21.82,open_meteo_archive
317,NG-KN,2025-11,2026-06-19 09:57:32+00,0.0,0.0,45.16,0.11,open_meteo_archive
318,NG-KN,2025-12,2026-06-19 09:57:32+00,0.0,0.0,46.6,0.0,open_meteo_archive
319,NG-KN,2026-01,2026-06-19 09:57:32+00,0.0,0.0,53.7,0.0,open_meteo_archive
320,NG-KN,2026-02,2026-06-19 09:57:32+00,0.0,0.0,50.67,0.01,open_meteo_archive
321,NG-KN,2026-03,2026-06-19 09:57:32+00,0.0,0.0,42.23,0.04,open_meteo_archive
322,NG-KN,2026-04,2026-06-19 09:57:32+00,0.6,0.0,41.88,0.5,open_meteo_archive
323,NG-KN,2026-05,2026-06-19 09:57:32+00,23.3,0.0,68.29,10.88,open_meteo_archive
324,NG-KN,2026-06,2026-06-19 09:57:32+00,49.4,1.84,56.99,30.57,open_meteo_forecast
1,NG-NC,2022-01,2026-06-19 09:56:35+00,0.0,0.0,0.0,0.0,open_meteo_archive
2,NG-NC,2022-02,2026-06-19 09:56:35+00,0.0,0.0,0.0,1.03,open_meteo_archive
3,NG-NC,2022-03,2026-06-19 09:56:35+00,0.5,0.0,28.22,11.55,open_meteo_archive
4,NG-NC,2022-04,2026-06-19 09:56:35+00,64.1,0.03,62.04,34.53,open_meteo_archive
5,NG-NC,2022-05,2026-06-19 09:56:35+00,108.5,3.15,79.85,71.21,open_meteo_archive
6,NG-NC,2022-06,2026-06-19 09:56:35+00,143.0,8.28,60.91,121.16,open_meteo_archive
7,NG-NC,2022-07,2026-06-19 09:56:35+00,194.2,11.41,41.12,200.44,open_meteo_archive
8,NG-NC,2022-08,2026-06-19 09:56:35+00,212.2,17.46,44.5,227.69,open_meteo_archive
9,NG-NC,2022-09,2026-06-19 09:56:35+00,257.9,9.68,78.34,201.09,open_meteo_archive
10,NG-NC,2022-10,2026-06-19 09:56:35+00,75.3,2.67,67.18,70.62,open_meteo_archive
11,NG-NC,2022-11,2026-06-19 09:56:35+00,0.0,0.0,33.42,7.24,open_meteo_archive
12,NG-NC,2022-12,2026-06-19 09:56:35+00,0.0,0.0,34.66,0.54,open_meteo_archive
13,NG-NC,2023-01,2026-06-19 09:56:35+00,0.0,0.0,42.92,0.0,open_meteo_archive
14,NG-NC,2023-02,2026-06-19 09:56:35+00,0.0,0.0,32.35,1.03,open_meteo_archive
15,NG-NC,2023-03,2026-06-19 09:56:35+00,32.8,0.0,76.24,11.55,open_meteo_archive
16,NG-NC,2023-04,2026-06-19 09:56:35+00,44.7,0.03,65.32,34.53,open_meteo_archive
17,NG-NC,2023-05,2026-06-19 09:56:35+00,74.7,3.83,62.65,71.21,open_meteo_archive
18,NG-NC,2023-06,2026-06-19 09:56:35+00,189.5,6.19,80.34,121.16,open_meteo_archive
19,NG-NC,2023-07,2026-06-19 09:56:35+00,140.2,19.22,44.95,200.44,open_meteo_archive
20,NG-NC,2023-08,2026-06-19 09:56:35+00,198.1,17.57,35.9,227.69,open_meteo_archive
21,NG-NC,2023-09,2026-06-19 09:56:35+00,179.6,18.94,33.42,201.09,open_meteo_archive
22,NG-NC,2023-10,2026-06-19 09:56:35+00,45.0,5.19,34.9,70.62,open_meteo_archive
23,NG-NC,2023-11,2026-06-19 09:56:35+00,36.1,0.0,81.55,7.24,open_meteo_archive
24,NG-NC,2023-12,2026-06-19 09:56:35+00,0.0,0.0,90.78,0.54,open_meteo_archive
25,NG-NC,2024-01,2026-06-19 09:56:35+00,0.0,0.0,91.42,0.0,open_meteo_archive
26,NG-NC,2024-02,2026-06-19 09:56:35+00,0.0,0.0,71.86,1.17,open_meteo_archive
27,NG-NC,2024-03,2026-06-19 09:56:35+00,21.3,0.0,75.93,12.09,open_meteo_archive
28,NG-NC,2024-04,2026-06-19 09:56:35+00,2.5,0.03,19.14,35.53,open_meteo_archive
29,NG-NC,2024-05,2026-06-19 09:56:35+00,6.3,7.0,7.67,72.65,open_meteo_archive
30,NG-NC,2024-06,2026-06-19 09:56:35+00,115.5,11.36,40.05,123.11,open_meteo_archive
31,NG-NC,2024-07,2026-06-19 09:56:35+00,258.9,6.41,72.59,202.84,open_meteo_archive
32,NG-NC,2024-08,2026-06-19 09:56:35+00,164.3,19.64,27.2,227.84,open_meteo_archive
33,NG-NC,2024-09,2026-06-19 09:56:35+00,208.9,14.6,53.89,198.08,open_meteo_archive
34,NG-NC,2024-10,2026-06-19 09:56:35+00,109.1,3.15,75.9,66.61,open_meteo_archive
35,NG-NC,2024-11,2026-06-19 09:56:35+00,0.0,0.0,43.08,6.7,open_meteo_archive
36,NG-NC,2024-12,2026-06-19 09:56:35+00,0.0,0.0,41.5,0.49,open_meteo_archive
37,NG-NC,2025-01,2026-06-19 09:56:35+00,0.0,0.0,47.86,0.0,open_meteo_archive
38,NG-NC,2025-02,2026-06-19 09:56:35+00,0.9,0.0,45.56,1.03,open_meteo_archive
39,NG-NC,2025-03,2026-06-19 09:56:35+00,9.2,0.0,50.97,11.55,open_meteo_archive
40,NG-NC,2025-04,2026-06-19 09:56:35+00,42.6,0.0,66.06,34.53,open_meteo_archive
41,NG-NC,2025-05,2026-06-19 09:56:35+00,83.6,3.82,66.25,71.21,open_meteo_archive
42,NG-NC,2025-06,2026-06-19 09:56:35+00,127.2,10.15,52.71,121.16,open_meteo_archive
43,NG-NC,2025-07,2026-06-19 09:56:35+00,340.2,6.43,86.91,200.44,open_meteo_archive
44,NG-NC,2025-08,2026-06-19 09:56:35+00,256.7,9.87,72.86,227.69,open_meteo_archive
45,NG-NC,2025-09,2026-06-19 09:56:35+00,153.7,10.51,43.12,201.09,open_meteo_archive
46,NG-NC,2025-10,2026-06-19 09:56:35+00,70.7,2.3,48.24,70.62,open_meteo_archive
47,NG-NC,2025-11,2026-06-19 09:56:35+00,0.5,0.0,40.62,7.24,open_meteo_archive
48,NG-NC,2025-12,2026-06-19 09:56:35+00,0.0,0.0,41.57,0.54,open_meteo_archive
49,NG-NC,2026-01,2026-06-19 09:56:35+00,0.0,0.0,48.95,0.0,open_meteo_archive
50,NG-NC,2026-02,2026-06-19 09:56:35+00,0.1,0.0,70.95,1.03,open_meteo_archive
51,NG-NC,2026-03,2026-06-19 09:56:35+00,7.8,0.0,34.95,11.55,open_meteo_archive
52,NG-NC,2026-04,2026-06-19 09:56:35+00,47.4,0.0,64.5,34.53,open_meteo_archive
53,NG-NC,2026-05,2026-06-19 09:56:35+00,89.5,1.63,62.03,71.21,open_meteo_archive
54,NG-NC,2026-06,2026-06-19 09:56:35+00,58.6,1.2,62.42,56.08,open_meteo_forecast
55,NG-NE,2022-01,2026-06-19 09:56:44+00,0.0,0.0,0.0,0.0,open_meteo_archive
56,NG-NE,2022-02,2026-06-19 09:56:44+00,0.0,0.0,0.0,0.04,open_meteo_archive
57,NG-NE,2022-03,2026-06-19 09:56:44+00,0.0,0.0,0.0,0.45,open_meteo_archive
58,NG-NE,2022-04,2026-06-19 09:56:44+00,7.0,0.0,55.5,2.67,open_meteo_archive
59,NG-NE,2022-05,2026-06-19 09:56:44+00,8.7,0.0,60.29,20.55,open_meteo_archive
60,NG-NE,2022-06,2026-06-19 09:56:44+00,28.1,4.73,32.48,55.79,open_meteo_archive
61,NG-NE,2022-07,2026-06-19 09:56:44+00,117.2,15.21,32.51,159.95,open_meteo_archive
62,NG-NE,2022-08,2026-06-19 09:56:44+00,297.2,11.59,55.11,224.13,open_meteo_archive
63,NG-NE,2022-09,2026-06-19 09:56:44+00,162.3,6.28,81.74,117.23,open_meteo_archive
64,NG-NE,2022-10,2026-06-19 09:56:44+00,18.3,0.1,41.91,28.96,open_meteo_archive
65,NG-NE,2022-11,2026-06-19 09:56:44+00,0.0,0.0,31.03,1.26,open_meteo_archive
66,NG-NE,2022-12,2026-06-19 09:56:44+00,0.0,0.0,32.78,0.0,open_meteo_archive
67,NG-NE,2023-01,2026-06-19 09:56:44+00,0.0,0.0,41.54,0.0,open_meteo_archive
68,NG-NE,2023-02,2026-06-19 09:56:44+00,0.0,0.0,35.62,0.04,open_meteo_archive
69,NG-NE,2023-03,2026-06-19 09:56:44+00,0.0,0.0,33.33,0.45,open_meteo_archive
70,NG-NE,2023-04,2026-06-19 09:56:44+00,4.7,0.0,45.32,2.67,open_meteo_archive
71,NG-NE,2023-05,2026-06-19 09:56:44+00,45.1,0.0,78.83,20.55,open_meteo_archive
72,NG-NE,2023-06,2026-06-19 09:56:44+00,103.4,3.13,83.99,55.79,open_meteo_archive
73,NG-NE,2023-07,2026-06-19 09:56:44+00,75.2,18.9,25.14,159.95,open_meteo_archive
74,NG-NE,2023-08,2026-06-19 09:56:44+00,215.2,14.59,46.29,224.13,open_meteo_archive
75,NG-NE,2023-09,2026-06-19 09:56:44+00,89.4,8.08,32.45,117.23,open_meteo_archive
76,NG-NE,2023-10,2026-06-19 09:56:44+00,24.8,0.1,47.7,28.96,open_meteo_archive
77,NG-NE,2023-11,2026-06-19 09:56:44+00,9.0,0.0,80.09,1.26,open_meteo_archive
78,NG-NE,2023-12,2026-06-19 09:56:44+00,0.0,0.0,83.04,0.0,open_meteo_archive
79,NG-NE,2024-01,2026-06-19 09:56:44+00,0.0,0.0,85.38,0.0,open_meteo_archive
80,NG-NE,2024-02,2026-06-19 09:56:44+00,0.0,0.0,75.7,0.04,open_meteo_archive
81,NG-NE,2024-03,2026-06-19 09:56:44+00,0.8,0.0,83.75,0.48,open_meteo_archive
82,NG-NE,2024-04,2026-06-19 09:56:44+00,0.0,0.0,44.86,2.84,open_meteo_archive
83,NG-NE,2024-05,2026-06-19 09:56:44+00,18.0,0.0,53.62,21.69,open_meteo_archive
84,NG-NE,2024-06,2026-06-19 09:56:44+00,99.4,3.94,77.14,57.3,open_meteo_archive
85,NG-NE,2024-07,2026-06-19 09:56:44+00,192.9,6.75,62.68,164.62,open_meteo_archive
86,NG-NE,2024-08,2026-06-19 09:56:44+00,252.4,9.47,63.66,222.33,open_meteo_archive
87,NG-NE,2024-09,2026-06-19 09:56:44+00,118.0,9.17,64.8,113.55,open_meteo_archive
88,NG-NE,2024-10,2026-06-19 09:56:44+00,54.4,0.1,75.92,27.0,open_meteo_archive
89,NG-NE,2024-11,2026-06-19 09:56:44+00,0.0,0.0,55.81,1.15,open_meteo_archive
90,NG-NE,2024-12,2026-06-19 09:56:44+00,0.0,0.0,54.25,0.0,open_meteo_archive
91,NG-NE,2025-01,2026-06-19 09:56:44+00,0.0,0.0,59.08,0.0,open_meteo_archive
92,NG-NE,2025-02,2026-06-19 09:56:44+00,0.0,0.0,50.86,0.04,open_meteo_archive
93,NG-NE,2025-03,2026-06-19 09:56:44+00,0.0,0.0,44.08,0.45,open_meteo_archive
94,NG-NE,2025-04,2026-06-19 09:56:44+00,0.5,0.0,48.3,2.67,open_meteo_archive
95,NG-NE,2025-05,2026-06-19 09:56:44+00,7.1,0.0,31.93,20.55,open_meteo_archive
96,NG-NE,2025-06,2026-06-19 09:56:44+00,35.4,2.98,35.85,55.79,open_meteo_archive
97,NG-NE,2025-07,2026-06-19 09:56:44+00,241.6,7.36,67.83,159.95,open_meteo_archive
98,NG-NE,2025-08,2026-06-19 09:56:44+00,184.2,8.53,57.25,224.13,open_meteo_archive
99,NG-NE,2025-09,2026-06-19 09:56:44+00,138.0,10.03,62.88,117.23,open_meteo_archive
100,NG-NE,2025-10,2026-06-19 09:56:44+00,10.5,0.26,34.65,28.96,open_meteo_archive
101,NG-NE,2025-11,2026-06-19 09:56:44+00,0.0,0.0,27.12,1.26,open_meteo_archive
102,NG-NE,2025-12,2026-06-19 09:56:44+00,0.0,0.0,29.01,0.0,open_meteo_archive
103,NG-NE,2026-01,2026-06-19 09:56:44+00,0.0,0.0,38.25,0.0,open_meteo_archive
104,NG-NE,2026-02,2026-06-19 09:56:44+00,0.1,0.0,69.16,0.04,open_meteo_archive
105,NG-NE,2026-03,2026-06-19 09:56:44+00,2.7,0.0,79.21,0.45,open_meteo_archive
106,NG-NE,2026-04,2026-06-19 09:56:44+00,0.8,0.0,75.04,2.67,open_meteo_archive
107,NG-NE,2026-05,2026-06-19 09:56:44+00,16.0,0.0,58.86,20.55,open_meteo_archive
108,NG-NE,2026-06,2026-06-19 09:56:44+00,29.9,8.21,48.49,26.87,open_meteo_forecast
109,NG-NW,2022-01,2026-06-19 09:56:53+00,0.4,0.0,83.13,0.04,open_meteo_archive
110,NG-NW,2022-02,2026-06-19 09:56:53+00,0.0,0.0,84.62,0.33,open_meteo_archive
111,NG-NW,2022-03,2026-06-19 09:56:53+00,0.0,0.0,44.31,2.5,open_meteo_archive
112,NG-NW,2022-04,2026-06-19 09:56:53+00,43.8,0.0,76.92,16.13,open_meteo_archive
113,NG-NW,2022-05,2026-06-19 09:56:53+00,80.4,3.2,75.71,55.36,open_meteo_archive
114,NG-NW,2022-06,2026-06-19 09:56:53+00,149.5,6.11,82.17,85.75,open_meteo_archive
115,NG-NW,2022-07,2026-06-19 09:56:53+00,237.1,10.2,86.39,149.77,open_meteo_archive
116,NG-NW,2022-08,2026-06-19 09:56:53+00,196.8,17.23,44.02,213.01,open_meteo_archive
117,NG-NW,2022-09,2026-06-19 09:56:53+00,212.2,7.0,81.33,175.66,open_meteo_archive
118,NG-NW,2022-10,2026-06-19 09:56:53+00,39.1,0.59,51.82,56.81,open_meteo_archive
119,NG-NW,2022-11,2026-06-19 09:56:53+00,0.0,0.0,34.02,2.11,open_meteo_archive
120,NG-NW,2022-12,2026-06-19 09:56:53+00,0.0,0.0,30.65,0.45,open_meteo_archive
121,NG-NW,2023-01,2026-06-19 09:56:53+00,0.0,0.0,34.52,0.04,open_meteo_archive
122,NG-NW,2023-02,2026-06-19 09:56:53+00,0.0,0.0,35.71,0.33,open_meteo_archive
123,NG-NW,2023-03,2026-06-19 09:56:53+00,4.0,0.0,46.86,2.5,open_meteo_archive
124,NG-NW,2023-04,2026-06-19 09:56:53+00,21.9,0.0,69.34,16.13,open_meteo_archive
125,NG-NW,2023-05,2026-06-19 09:56:53+00,53.0,2.92,57.41,55.36,open_meteo_archive
126,NG-NW,2023-06,2026-06-19 09:56:53+00,94.8,6.08,64.11,85.75,open_meteo_archive
127,NG-NW,2023-07,2026-06-19 09:56:53+00,112.0,15.41,37.0,149.77,open_meteo_archive
128,NG-NW,2023-08,2026-06-19 09:56:53+00,210.8,14.45,38.63,213.01,open_meteo_archive
129,NG-NW,2023-09,2026-06-19 09:56:53+00,195.8,12.72,66.97,175.66,open_meteo_archive
130,NG-NW,2023-10,2026-06-19 09:56:53+00,40.6,1.72,52.55,56.81,open_meteo_archive
131,NG-NW,2023-11,2026-06-19 09:56:53+00,7.2,0.0,55.94,2.11,open_meteo_archive
132,NG-NW,2023-12,2026-06-19 09:56:53+00,0.0,0.0,90.65,0.45,open_meteo_archive
133,NG-NW,2024-01,2026-06-19 09:56:53+00,0.0,0.0,79.54,0.04,open_meteo_archive
134,NG-NW,2024-02,2026-06-19 09:56:53+00,2.5,0.0,80.09,0.36,open_meteo_archive
135,NG-NW,2024-03,2026-06-19 09:56:53+00,0.6,0.0,70.69,2.77,open_meteo_archive
136,NG-NW,2024-04,2026-06-19 09:56:53+00,7.9,0.0,34.66,16.53,open_meteo_archive
137,NG-NW,2024-05,2026-06-19 09:56:53+00,45.2,4.0,34.72,57.47,open_meteo_archive
138,NG-NW,2024-06,2026-06-19 09:56:53+00,34.3,18.35,24.13,86.26,open_meteo_archive
139,NG-NW,2024-07,2026-06-19 09:56:53+00,187.9,10.61,64.08,152.6,open_meteo_archive
140,NG-NW,2024-08,2026-06-19 09:56:53+00,186.9,16.12,42.37,213.67,open_meteo_archive
141,NG-NW,2024-09,2026-06-19 09:56:53+00,173.6,12.75,44.75,173.12,open_meteo_archive
142,NG-NW,2024-10,2026-06-19 09:56:53+00,74.9,0.71,68.07,52.78,open_meteo_archive
143,NG-NW,2024-11,2026-06-19 09:56:53+00,0.0,0.0,63.23,1.9,open_meteo_archive
144,NG-NW,2024-12,2026-06-19 09:56:53+00,0.0,0.0,52.14,0.41,open_meteo_archive
145,NG-NW,2025-01,2026-06-19 09:56:53+00,0.0,0.0,48.74,0.04,open_meteo_archive
146,NG-NW,2025-02,2026-06-19 09:56:53+00,0.0,0.0,49.15,0.33,open_meteo_archive
147,NG-NW,2025-03,2026-06-19 09:56:53+00,0.0,0.0,21.89,2.5,open_meteo_archive
148,NG-NW,2025-04,2026-06-19 09:56:53+00,1.4,0.0,21.6,16.13,open_meteo_archive
149,NG-NW,2025-05,2026-06-19 09:56:53+00,44.9,3.47,36.16,55.36,open_meteo_archive
150,NG-NW,2025-06,2026-06-19 09:56:53+00,101.7,8.61,65.44,85.75,open_meteo_archive
151,NG-NW,2025-07,2026-06-19 09:56:53+00,176.1,7.26,53.59,149.77,open_meteo_archive
152,NG-NW,2025-08,2026-06-19 09:56:53+00,202.8,8.75,65.41,213.01,open_meteo_archive
153,NG-NW,2025-09,2026-06-19 09:56:53+00,156.8,9.57,34.67,175.66,open_meteo_archive
154,NG-NW,2025-10,2026-06-19 09:56:53+00,74.7,0.78,59.52,56.81,open_meteo_archive
155,NG-NW,2025-11,2026-06-19 09:56:53+00,0.0,0.0,42.75,2.11,open_meteo_archive
156,NG-NW,2025-12,2026-06-19 09:56:53+00,0.0,0.0,37.56,0.45,open_meteo_archive
157,NG-NW,2026-01,2026-06-19 09:56:53+00,0.0,0.0,38.96,0.04,open_meteo_archive
158,NG-NW,2026-02,2026-06-19 09:56:53+00,0.0,0.0,40.01,0.33,open_meteo_archive
159,NG-NW,2026-03,2026-06-19 09:56:53+00,2.5,0.0,61.55,2.5,open_meteo_archive
160,NG-NW,2026-04,2026-06-19 09:56:53+00,24.5,0.0,72.37,16.13,open_meteo_archive
161,NG-NW,2026-05,2026-06-19 09:56:53+00,65.6,1.3,61.13,55.36,open_meteo_archive
162,NG-NW,2026-06,2026-06-19 09:56:53+00,38.3,2.91,64.84,35.97,open_meteo_forecast
163,NG-SE,2022-01,2026-06-19 09:57:01+00,20.1,0.0,60.37,5.64,open_meteo_archive
164,NG-SE,2022-02,2026-06-19 09:57:01+00,0.1,0.0,53.71,11.31,open_meteo_archive
165,NG-SE,2022-03,2026-06-19 09:57:01+00,25.1,4.64,41.34,45.19,open_meteo_archive
166,NG-SE,2022-04,2026-06-19 09:57:01+00,125.6,4.9,59.01,85.03,open_meteo_archive
167,NG-SE,2022-05,2026-06-19 09:57:01+00,103.9,11.5,59.36,122.52,open_meteo_archive
168,NG-SE,2022-06,2026-06-19 09:57:01+00,301.6,6.85,74.93,202.57,open_meteo_archive
169,NG-SE,2022-07,2026-06-19 09:57:01+00,206.7,15.09,54.69,212.83,open_meteo_archive
170,NG-SE,2022-08,2026-06-19 09:57:01+00,202.3,17.49,44.54,213.82,open_meteo_archive
171,NG-SE,2022-09,2026-06-19 09:57:01+00,277.5,15.08,55.89,248.91,open_meteo_archive
172,NG-SE,2022-10,2026-06-19 09:57:01+00,211.1,10.16,70.14,205.01,open_meteo_archive
173,NG-SE,2022-11,2026-06-19 09:57:01+00,1.9,2.85,22.3,47.25,open_meteo_archive
174,NG-SE,2022-12,2026-06-19 09:57:01+00,0.1,0.0,20.97,5.22,open_meteo_archive
175,NG-SE,2023-01,2026-06-19 09:57:01+00,2.9,0.0,16.54,5.64,open_meteo_archive
176,NG-SE,2023-02,2026-06-19 09:57:01+00,0.6,0.0,45.76,11.31,open_meteo_archive
177,NG-SE,2023-03,2026-06-19 09:57:01+00,109.3,1.13,79.83,45.19,open_meteo_archive
178,NG-SE,2023-04,2026-06-19 09:57:01+00,93.8,11.23,56.22,85.03,open_meteo_archive
179,NG-SE,2023-05,2026-06-19 09:57:01+00,127.4,11.13,64.18,122.52,open_meteo_archive
180,NG-SE,2023-06,2026-06-19 09:57:01+00,219.0,10.06,59.92,202.57,open_meteo_archive
181,NG-SE,2023-07,2026-06-19 09:57:01+00,243.0,13.86,68.26,212.83,open_meteo_archive
182,NG-SE,2023-08,2026-06-19 09:57:01+00,259.1,13.75,65.35,213.82,open_meteo_archive
183,NG-SE,2023-09,2026-06-19 09:57:01+00,234.5,14.39,61.57,248.91,open_meteo_archive
184,NG-SE,2023-10,2026-06-19 09:57:01+00,167.8,11.24,21.92,205.01,open_meteo_archive
185,NG-SE,2023-11,2026-06-19 09:57:01+00,126.7,1.14,77.64,47.25,open_meteo_archive
186,NG-SE,2023-12,2026-06-19 09:57:01+00,0.0,0.0,88.88,5.22,open_meteo_archive
187,NG-SE,2024-01,2026-06-19 09:57:01+00,0.0,0.0,51.07,5.64,open_meteo_archive
188,NG-SE,2024-02,2026-06-19 09:57:01+00,16.0,0.0,29.48,12.16,open_meteo_archive
189,NG-SE,2024-03,2026-06-19 09:57:01+00,29.8,5.25,54.72,46.37,open_meteo_archive
190,NG-SE,2024-04,2026-06-19 09:57:01+00,43.5,14.19,17.65,86.04,open_meteo_archive
191,NG-SE,2024-05,2026-06-19 09:57:01+00,67.3,15.37,16.59,125.31,open_meteo_archive
192,NG-SE,2024-06,2026-06-19 09:57:01+00,132.8,20.84,16.32,204.27,open_meteo_archive
193,NG-SE,2024-07,2026-06-19 09:57:01+00,216.5,11.88,48.41,211.43,open_meteo_archive
194,NG-SE,2024-08,2026-06-19 09:57:01+00,115.1,20.1,16.13,215.5,open_meteo_archive
195,NG-SE,2024-09,2026-06-19 09:57:01+00,227.9,15.19,31.64,249.94,open_meteo_archive
196,NG-SE,2024-10,2026-06-19 09:57:01+00,227.0,11.08,65.93,199.37,open_meteo_archive
197,NG-SE,2024-11,2026-06-19 09:57:01+00,0.7,3.14,30.92,44.53,open_meteo_archive
198,NG-SE,2024-12,2026-06-19 09:57:01+00,0.0,0.0,21.71,4.74,open_meteo_archive
199,NG-SE,2025-01,2026-06-19 09:57:01+00,4.4,0.0,45.36,5.64,open_meteo_archive
200,NG-SE,2025-02,2026-06-19 09:57:01+00,2.5,0.0,46.68,11.31,open_meteo_archive
201,NG-SE,2025-03,2026-06-19 09:57:01+00,18.1,1.84,29.76,45.19,open_meteo_archive
202,NG-SE,2025-04,2026-06-19 09:57:01+00,99.3,6.62,51.56,85.03,open_meteo_archive
203,NG-SE,2025-05,2026-06-19 09:57:01+00,96.9,10.63,46.03,122.52,open_meteo_archive
204,NG-SE,2025-06,2026-06-19 09:57:01+00,233.8,9.54,65.67,202.57,open_meteo_archive
205,NG-SE,2025-07,2026-06-19 09:57:01+00,282.5,6.06,76.5,212.83,open_meteo_archive
206,NG-SE,2025-08,2026-06-19 09:57:01+00,160.7,14.84,48.62,213.82,open_meteo_archive
207,NG-SE,2025-09,2026-06-19 09:57:01+00,237.0,11.51,28.86,248.91,open_meteo_archive
208,NG-SE,2025-10,2026-06-19 09:57:01+00,246.9,8.25,74.13,205.01,open_meteo_archive
209,NG-SE,2025-11,2026-06-19 09:57:01+00,13.9,1.22,40.15,47.25,open_meteo_archive
210,NG-SE,2025-12,2026-06-19 09:57:01+00,7.3,0.0,67.05,5.22,open_meteo_archive
211,NG-SE,2026-01,2026-06-19 09:57:01+00,2.6,0.0,63.69,5.64,open_meteo_archive
212,NG-SE,2026-02,2026-06-19 09:57:01+00,32.2,0.0,86.64,11.31,open_meteo_archive
213,NG-SE,2026-03,2026-06-19 09:57:01+00,55.1,2.37,60.79,45.19,open_meteo_archive
214,NG-SE,2026-04,2026-06-19 09:57:01+00,135.4,4.63,80.61,85.03,open_meteo_archive
215,NG-SE,2026-05,2026-06-19 09:57:01+00,169.2,8.62,71.65,122.52,open_meteo_archive
216,NG-SE,2026-06,2026-06-19 09:57:01+00,112.6,0.27,66.61,90.92,open_meteo_forecast
217,NG-SW,2022-01,2026-06-19 09:57:22+00,0.3,0.0,32.03,1.9,open_meteo_archive
218,NG-SW,2022-02,2026-06-19 09:57:22+00,0.4,0.0,18.16,9.47,open_meteo_archive
219,NG-SW,2022-03,2026-06-19 09:57:22+00,50.9,1.09,68.3,32.78,open_meteo_archive
220,NG-SW,2022-04,2026-06-19 09:57:22+00,81.2,2.86,62.53,50.55,open_meteo_archive
221,NG-SW,2022-05,2026-06-19 09:57:22+00,77.2,7.32,74.91,60.27,open_meteo_archive
222,NG-SW,2022-06,2026-06-19 09:57:22+00,142.8,10.96,67.63,115.96,open_meteo_archive
223,NG-SW,2022-07,2026-06-19 09:57:22+00,85.2,14.32,36.32,114.16,open_meteo_archive
224,NG-SW,2022-08,2026-06-19 09:57:22+00,139.7,22.23,36.34,161.36,open_meteo_archive
225,NG-SW,2022-09,2026-06-19 09:57:22+00,146.2,13.15,60.92,160.1,open_meteo_archive
226,NG-SW,2022-10,2026-06-19 09:57:22+00,75.2,9.35,49.8,88.03,open_meteo_archive
227,NG-SW,2022-11,2026-06-19 09:57:22+00,1.4,0.68,27.27,13.11,open_meteo_archive
228,NG-SW,2022-12,2026-06-19 09:57:22+00,0.2,0.0,19.67,2.34,open_meteo_archive
229,NG-SW,2023-01,2026-06-19 09:57:22+00,0.8,0.0,17.73,1.9,open_meteo_archive
230,NG-SW,2023-02,2026-06-19 09:57:22+00,0.6,0.0,48.06,9.47,open_meteo_archive
231,NG-SW,2023-03,2026-06-19 09:57:22+00,50.3,1.87,68.8,32.78,open_meteo_archive
232,NG-SW,2023-04,2026-06-19 09:57:22+00,48.5,5.68,51.16,50.55,open_meteo_archive
233,NG-SW,2023-05,2026-06-19 09:57:22+00,46.8,6.43,42.43,60.27,open_meteo_archive
234,NG-SW,2023-06,2026-06-19 09:57:22+00,187.9,7.64,75.74,115.96,open_meteo_archive
235,NG-SW,2023-07,2026-06-19 09:57:22+00,136.7,11.23,77.25,114.16,open_meteo_archive
236,NG-SW,2023-08,2026-06-19 09:57:22+00,171.1,9.71,66.22,161.36,open_meteo_archive
237,NG-SW,2023-09,2026-06-19 09:57:22+00,97.2,15.98,30.39,160.1,open_meteo_archive
238,NG-SW,2023-10,2026-06-19 09:57:22+00,61.8,11.45,26.01,88.03,open_meteo_archive
239,NG-SW,2023-11,2026-06-19 09:57:22+00,21.5,0.68,53.63,13.11,open_meteo_archive
240,NG-SW,2023-12,2026-06-19 09:57:22+00,0.0,0.0,65.9,2.34,open_meteo_archive
241,NG-SW,2024-01,2026-06-19 09:57:22+00,0.0,0.0,29.97,1.9,open_meteo_archive
242,NG-SW,2024-02,2026-06-19 09:57:22+00,7.1,0.0,30.35,10.17,open_meteo_archive
243,NG-SW,2024-03,2026-06-19 09:57:22+00,27.6,1.93,52.7,33.51,open_meteo_archive
244,NG-SW,2024-04,2026-06-19 09:57:22+00,60.5,7.89,52.72,50.82,open_meteo_archive
245,NG-SW,2024-05,2026-06-19 09:57:22+00,56.7,12.12,54.5,61.38,open_meteo_archive
246,NG-SW,2024-06,2026-06-19 09:57:22+00,121.1,12.75,46.97,117.64,open_meteo_archive
247,NG-SW,2024-07,2026-06-19 09:57:22+00,99.9,10.67,60.17,113.43,open_meteo_archive
248,NG-SW,2024-08,2026-06-19 09:57:22+00,115.9,14.98,26.26,163.78,open_meteo_archive
249,NG-SW,2024-09,2026-06-19 09:57:22+00,125.6,15.78,32.39,158.05,open_meteo_archive
250,NG-SW,2024-10,2026-06-19 09:57:22+00,181.0,4.64,90.55,85.06,open_meteo_archive
251,NG-SW,2024-11,2026-06-19 09:57:22+00,1.4,0.16,62.39,12.05,open_meteo_archive
252,NG-SW,2024-12,2026-06-19 09:57:22+00,0.0,0.0,34.27,2.24,open_meteo_archive
253,NG-SW,2025-01,2026-06-19 09:57:22+00,1.4,0.0,40.24,1.9,open_meteo_archive
254,NG-SW,2025-02,2026-06-19 09:57:22+00,2.7,0.0,65.88,9.47,open_meteo_archive
255,NG-SW,2025-03,2026-06-19 09:57:22+00,34.8,0.79,46.9,32.78,open_meteo_archive
256,NG-SW,2025-04,2026-06-19 09:57:22+00,53.6,3.13,64.03,50.55,open_meteo_archive
257,NG-SW,2025-05,2026-06-19 09:57:22+00,54.0,9.72,49.52,60.27,open_meteo_archive
258,NG-SW,2025-06,2026-06-19 09:57:22+00,75.5,12.65,30.13,115.96,open_meteo_archive
259,NG-SW,2025-07,2026-06-19 09:57:22+00,146.8,5.84,57.48,114.16,open_meteo_archive
260,NG-SW,2025-08,2026-06-19 09:57:22+00,122.8,8.23,50.26,161.36,open_meteo_archive
261,NG-SW,2025-09,2026-06-19 09:57:22+00,237.4,11.47,57.87,160.1,open_meteo_archive
262,NG-SW,2025-10,2026-06-19 09:57:22+00,65.4,8.43,55.63,88.03,open_meteo_archive
263,NG-SW,2025-11,2026-06-19 09:57:22+00,13.4,0.23,47.29,13.11,open_meteo_archive
264,NG-SW,2025-12,2026-06-19 09:57:22+00,9.0,0.0,85.65,2.34,open_meteo_archive
265,NG-SW,2026-01,2026-06-19 09:57:22+00,0.5,0.0,82.72,1.9,open_meteo_archive
266,NG-SW,2026-02,2026-06-19 09:57:22+00,23.6,0.0,88.61,9.47,open_meteo_archive
267,NG-SW,2026-03,2026-06-19 09:57:22+00,30.3,2.03,41.21,32.78,open_meteo_archive
268,NG-SW,2026-04,2026-06-19 09:57:22+00,57.1,5.96,60.91,50.55,open_meteo_archive
269,NG-SW,2026-05,2026-06-19 09:57:22+00,73.7,4.55,63.55,60.27,open_meteo_archive
270,NG-SW,2026-06,2026-06-19 09:57:22+00,61.7,0.85,55.11,53.8,open_meteo_forecast
1027,RW-EP,2022-01,2026-06-19 10:02:15+00,48.1,13.74,15.77,64.96,open_meteo_archive
1028,RW-EP,2022-02,2026-06-19 10:02:15+00,88.6,5.67,66.65,63.57,open_meteo_archive
1029,RW-EP,2022-03,2026-06-19 10:02:15+00,54.5,12.33,35.22,79.92,open_meteo_archive
1030,RW-EP,2022-04,2026-06-19 10:02:15+00,64.7,20.8,22.2,95.91,open_meteo_archive
1031,RW-EP,2022-05,2026-06-19 10:02:15+00,23.3,12.26,14.54,69.71,open_meteo_archive
1032,RW-EP,2022-06,2026-06-19 10:02:15+00,2.2,0.0,37.58,14.71,open_meteo_archive
1033,RW-EP,2022-07,2026-06-19 10:02:15+00,7.3,0.0,12.97,10.53,open_meteo_archive
1034,RW-EP,2022-08,2026-06-19 10:02:15+00,71.8,0.09,79.44,30.81,open_meteo_archive
1035,RW-EP,2022-09,2026-06-19 10:02:15+00,64.9,4.45,80.93,52.88,open_meteo_archive
1036,RW-EP,2022-10,2026-06-19 10:02:15+00,43.4,16.48,31.93,73.88,open_meteo_archive
1037,RW-EP,2022-11,2026-06-19 10:02:15+00,151.9,9.89,70.37,103.08,open_meteo_archive
1038,RW-EP,2022-12,2026-06-19 10:02:15+00,121.1,11.57,63.5,88.31,open_meteo_archive
1039,RW-EP,2023-01,2026-06-19 10:02:15+00,24.4,14.53,45.17,64.96,open_meteo_archive
1040,RW-EP,2023-02,2026-06-19 10:02:15+00,44.2,15.44,18.84,63.57,open_meteo_archive
1041,RW-EP,2023-03,2026-06-19 10:02:15+00,111.8,7.78,73.78,79.92,open_meteo_archive
1042,RW-EP,2023-04,2026-06-19 10:02:15+00,109.1,7.59,62.74,95.91,open_meteo_archive
1043,RW-EP,2023-05,2026-06-19 10:02:15+00,45.8,8.98,51.34,69.71,open_meteo_archive
1044,RW-EP,2023-06,2026-06-19 10:02:15+00,9.3,0.0,37.39,14.71,open_meteo_archive
1045,RW-EP,2023-07,2026-06-19 10:02:15+00,0.0,0.0,47.55,10.53,open_meteo_archive
1046,RW-EP,2023-08,2026-06-19 10:02:15+00,4.1,0.52,15.19,30.81,open_meteo_archive
1047,RW-EP,2023-09,2026-06-19 10:02:15+00,81.7,4.0,65.87,52.88,open_meteo_archive
1048,RW-EP,2023-10,2026-06-19 10:02:15+00,54.9,10.81,43.77,73.88,open_meteo_archive
1049,RW-EP,2023-11,2026-06-19 10:02:15+00,114.0,10.84,59.87,103.08,open_meteo_archive
1050,RW-EP,2023-12,2026-06-19 10:02:15+00,95.1,7.76,53.87,88.31,open_meteo_archive
1051,RW-EP,2024-01,2026-06-19 10:02:15+00,60.4,3.7,64.79,64.96,open_meteo_archive
1052,RW-EP,2024-02,2026-06-19 10:02:15+00,45.8,10.34,33.93,65.97,open_meteo_archive
1053,RW-EP,2024-03,2026-06-19 10:02:15+00,54.2,13.08,24.02,80.3,open_meteo_archive
1054,RW-EP,2024-04,2026-06-19 10:02:15+00,99.4,14.42,53.91,96.48,open_meteo_archive
1055,RW-EP,2024-05,2026-06-19 10:02:15+00,56.3,9.13,47.62,67.27,open_meteo_archive
1056,RW-EP,2024-06,2026-06-19 10:02:15+00,0.9,0.0,35.55,14.18,open_meteo_archive
1057,RW-EP,2024-07,2026-06-19 10:02:15+00,6.6,0.0,46.24,10.77,open_meteo_archive
1058,RW-EP,2024-08,2026-06-19 10:02:15+00,10.8,0.31,32.61,31.47,open_meteo_archive
1059,RW-EP,2024-09,2026-06-19 10:02:15+00,44.4,9.82,31.31,53.72,open_meteo_archive
1060,RW-EP,2024-10,2026-06-19 10:02:15+00,80.4,10.34,63.81,74.55,open_meteo_archive
1061,RW-EP,2024-11,2026-06-19 10:02:15+00,188.2,8.24,70.09,103.71,open_meteo_archive
1062,RW-EP,2024-12,2026-06-19 10:02:15+00,86.4,12.59,76.68,84.88,open_meteo_archive
1063,RW-EP,2025-01,2026-06-19 10:02:15+00,46.5,11.24,34.38,64.96,open_meteo_archive
1064,RW-EP,2025-02,2026-06-19 10:02:15+00,38.6,12.22,37.19,63.57,open_meteo_archive
1065,RW-EP,2025-03,2026-06-19 10:02:15+00,90.6,6.94,44.78,79.92,open_meteo_archive
1066,RW-EP,2025-04,2026-06-19 10:02:15+00,99.6,12.52,69.23,95.91,open_meteo_archive
1067,RW-EP,2025-05,2026-06-19 10:02:15+00,126.9,3.05,74.58,69.71,open_meteo_archive
1068,RW-EP,2025-06,2026-06-19 10:02:15+00,51.5,0.0,87.99,14.71,open_meteo_archive
1069,RW-EP,2025-07,2026-06-19 10:02:15+00,12.8,0.0,85.93,10.53,open_meteo_archive
1070,RW-EP,2025-08,2026-06-19 10:02:15+00,41.1,0.44,67.01,30.81,open_meteo_archive
1071,RW-EP,2025-09,2026-06-19 10:02:15+00,23.3,7.85,24.92,52.88,open_meteo_archive
1072,RW-EP,2025-10,2026-06-19 10:02:15+00,90.4,7.95,60.89,73.88,open_meteo_archive
1073,RW-EP,2025-11,2026-06-19 10:02:15+00,80.1,10.41,45.08,103.08,open_meteo_archive
1074,RW-EP,2025-12,2026-06-19 10:02:15+00,87.4,11.08,50.32,88.31,open_meteo_archive
1075,RW-EP,2026-01,2026-06-19 10:02:15+00,74.8,8.86,42.38,64.96,open_meteo_archive
1076,RW-EP,2026-02,2026-06-19 10:02:15+00,114.4,3.48,91.19,63.57,open_meteo_archive
1077,RW-EP,2026-03,2026-06-19 10:02:15+00,117.8,7.1,85.8,79.92,open_meteo_archive
1078,RW-EP,2026-04,2026-06-19 10:02:15+00,77.6,15.6,27.67,95.91,open_meteo_archive
1079,RW-EP,2026-05,2026-06-19 10:02:15+00,81.7,5.56,66.82,69.71,open_meteo_archive
1080,RW-EP,2026-06,2026-06-19 10:02:15+00,0.1,0.0,80.97,4.08,open_meteo_forecast
1081,RW-KG,2022-01,2026-06-19 10:02:28+00,81.5,17.86,11.53,102.35,open_meteo_archive
1082,RW-KG,2022-02,2026-06-19 10:02:28+00,156.8,7.3,86.16,89.53,open_meteo_archive
1083,RW-KG,2022-03,2026-06-19 10:02:28+00,96.9,16.51,48.8,111.56,open_meteo_archive
1084,RW-KG,2022-04,2026-06-19 10:02:28+00,87.4,19.27,30.86,122.57,open_meteo_archive
1085,RW-KG,2022-05,2026-06-19 10:02:28+00,52.6,10.91,28.55,75.8,open_meteo_archive
1086,RW-KG,2022-06,2026-06-19 10:02:28+00,2.8,0.0,53.83,16.21,open_meteo_archive
1087,RW-KG,2022-07,2026-06-19 10:02:28+00,4.1,0.0,17.09,8.06,open_meteo_archive
1088,RW-KG,2022-08,2026-06-19 10:02:28+00,81.6,0.0,73.57,34.13,open_meteo_archive
1089,RW-KG,2022-09,2026-06-19 10:02:28+00,64.9,3.25,81.31,58.96,open_meteo_archive
1090,RW-KG,2022-10,2026-06-19 10:02:28+00,39.4,18.49,22.62,90.48,open_meteo_archive
1091,RW-KG,2022-11,2026-06-19 10:02:28+00,119.5,11.54,47.03,114.7,open_meteo_archive
1092,RW-KG,2022-12,2026-06-19 10:02:28+00,166.0,11.07,68.91,116.33,open_meteo_archive
1093,RW-KG,2023-01,2026-06-19 10:02:28+00,50.9,19.99,47.65,102.35,open_meteo_archive
1094,RW-KG,2023-02,2026-06-19 10:02:28+00,50.8,20.2,10.31,89.53,open_meteo_archive
1095,RW-KG,2023-03,2026-06-19 10:02:28+00,137.4,8.78,62.69,111.56,open_meteo_archive
1096,RW-KG,2023-04,2026-06-19 10:02:28+00,104.0,11.98,51.17,122.57,open_meteo_archive
1097,RW-KG,2023-05,2026-06-19 10:02:28+00,51.4,10.36,35.52,75.8,open_meteo_archive
1098,RW-KG,2023-06,2026-06-19 10:02:28+00,10.1,0.0,39.92,16.21,open_meteo_archive
1099,RW-KG,2023-07,2026-06-19 10:02:28+00,0.0,0.0,47.08,8.06,open_meteo_archive
1100,RW-KG,2023-08,2026-06-19 10:02:28+00,11.5,0.0,25.35,34.13,open_meteo_archive
1101,RW-KG,2023-09,2026-06-19 10:02:28+00,68.5,4.12,57.12,58.96,open_meteo_archive
1102,RW-KG,2023-10,2026-06-19 10:02:28+00,55.4,11.5,24.18,90.48,open_meteo_archive
1103,RW-KG,2023-11,2026-06-19 10:02:28+00,130.7,9.6,68.17,114.7,open_meteo_archive
1104,RW-KG,2023-12,2026-06-19 10:02:28+00,111.6,8.04,48.6,116.33,open_meteo_archive
1105,RW-KG,2024-01,2026-06-19 10:02:28+00,135.3,7.47,67.77,102.35,open_meteo_archive
1106,RW-KG,2024-02,2026-06-19 10:02:28+00,65.7,13.26,39.3,92.89,open_meteo_archive
1107,RW-KG,2024-03,2026-06-19 10:02:28+00,57.2,19.73,25.6,111.95,open_meteo_archive
1108,RW-KG,2024-04,2026-06-19 10:02:28+00,100.9,18.59,30.05,122.86,open_meteo_archive
1109,RW-KG,2024-05,2026-06-19 10:02:28+00,39.7,11.95,30.01,72.57,open_meteo_archive
1110,RW-KG,2024-06,2026-06-19 10:02:28+00,0.7,0.0,16.59,15.81,open_meteo_archive
1111,RW-KG,2024-07,2026-06-19 10:02:28+00,5.7,0.0,49.84,8.19,open_meteo_archive
1112,RW-KG,2024-08,2026-06-19 10:02:28+00,6.4,0.0,26.89,35.17,open_meteo_archive
1113,RW-KG,2024-09,2026-06-19 10:02:28+00,57.2,7.48,33.23,59.72,open_meteo_archive
1114,RW-KG,2024-10,2026-06-19 10:02:28+00,106.6,10.05,66.8,91.58,open_meteo_archive
1115,RW-KG,2024-11,2026-06-19 10:02:28+00,198.0,5.66,59.63,115.03,open_meteo_archive
1116,RW-KG,2024-12,2026-06-19 10:02:28+00,119.1,13.57,77.33,112.55,open_meteo_archive
1117,RW-KG,2025-01,2026-06-19 10:02:28+00,81.6,11.65,32.05,102.35,open_meteo_archive
1118,RW-KG,2025-02,2026-06-19 10:02:28+00,49.7,14.86,37.96,89.53,open_meteo_archive
1119,RW-KG,2025-03,2026-06-19 10:02:28+00,153.8,6.42,52.36,111.56,open_meteo_archive
1120,RW-KG,2025-04,2026-06-19 10:02:28+00,142.9,8.24,84.68,122.57,open_meteo_archive
1121,RW-KG,2025-05,2026-06-19 10:02:28+00,133.9,0.93,77.53,75.8,open_meteo_archive
1122,RW-KG,2025-06,2026-06-19 10:02:28+00,54.3,0.0,84.68,16.21,open_meteo_archive
1123,RW-KG,2025-07,2026-06-19 10:02:28+00,6.3,0.0,86.01,8.06,open_meteo_archive
1124,RW-KG,2025-08,2026-06-19 10:02:28+00,49.1,0.0,70.43,34.13,open_meteo_archive
1125,RW-KG,2025-09,2026-06-19 10:02:28+00,44.1,4.65,43.44,58.96,open_meteo_archive
1126,RW-KG,2025-10,2026-06-19 10:02:28+00,134.9,6.83,71.65,90.48,open_meteo_archive
1127,RW-KG,2025-11,2026-06-19 10:02:28+00,93.4,14.79,55.01,114.7,open_meteo_archive
1128,RW-KG,2025-12,2026-06-19 10:02:28+00,108.8,12.87,29.54,116.33,open_meteo_archive
1129,RW-KG,2026-01,2026-06-19 10:02:28+00,78.3,10.75,49.1,102.35,open_meteo_archive
1130,RW-KG,2026-02,2026-06-19 10:02:28+00,155.1,3.23,77.46,89.53,open_meteo_archive
1131,RW-KG,2026-03,2026-06-19 10:02:28+00,162.2,4.97,86.7,111.56,open_meteo_archive
1132,RW-KG,2026-04,2026-06-19 10:02:28+00,145.2,13.58,56.61,122.57,open_meteo_archive
1133,RW-KG,2026-05,2026-06-19 10:02:28+00,90.3,7.93,75.16,75.8,open_meteo_archive
1134,RW-KG,2026-06,2026-06-19 10:02:28+00,0.0,0.0,80.92,4.72,open_meteo_forecast
865,UG-CR,2022-01,2026-06-19 10:01:00+00,32.4,15.03,13.67,58.68,open_meteo_archive
866,UG-CR,2022-02,2026-06-19 10:01:00+00,77.8,9.52,40.92,79.05,open_meteo_archive
867,UG-CR,2022-03,2026-06-19 10:01:00+00,96.8,14.96,33.54,126.07,open_meteo_archive
868,UG-CR,2022-04,2026-06-19 10:01:00+00,139.3,19.98,30.83,174.4,open_meteo_archive
869,UG-CR,2022-05,2026-06-19 10:01:00+00,118.6,11.04,47.28,117.8,open_meteo_archive
870,UG-CR,2022-06,2026-06-19 10:01:00+00,53.2,13.52,46.68,73.39,open_meteo_archive
871,UG-CR,2022-07,2026-06-19 10:01:00+00,27.8,12.06,14.36,58.34,open_meteo_archive
872,UG-CR,2022-08,2026-06-19 10:01:00+00,95.5,13.21,56.0,87.02,open_meteo_archive
873,UG-CR,2022-09,2026-06-19 10:01:00+00,122.5,16.79,77.42,99.68,open_meteo_archive
874,UG-CR,2022-10,2026-06-19 10:01:00+00,109.0,20.32,29.78,139.62,open_meteo_archive
875,UG-CR,2022-11,2026-06-19 10:01:00+00,187.6,4.3,58.8,151.65,open_meteo_archive
876,UG-CR,2022-12,2026-06-19 10:01:00+00,92.9,8.99,57.26,107.63,open_meteo_archive
877,UG-CR,2023-01,2026-06-19 10:01:00+00,29.4,11.9,23.54,58.68,open_meteo_archive
878,UG-CR,2023-02,2026-06-19 10:01:00+00,34.8,14.72,10.91,79.05,open_meteo_archive
879,UG-CR,2023-03,2026-06-19 10:01:00+00,197.5,7.34,71.19,126.07,open_meteo_archive
880,UG-CR,2023-04,2026-06-19 10:01:00+00,217.1,10.46,65.02,174.4,open_meteo_archive
881,UG-CR,2023-05,2026-06-19 10:01:00+00,74.3,18.89,47.41,117.8,open_meteo_archive
882,UG-CR,2023-06,2026-06-19 10:01:00+00,123.8,10.47,62.38,73.39,open_meteo_archive
883,UG-CR,2023-07,2026-06-19 10:01:00+00,22.2,11.89,51.09,58.34,open_meteo_archive
884,UG-CR,2023-08,2026-06-19 10:01:00+00,73.3,9.36,39.48,87.02,open_meteo_archive
885,UG-CR,2023-09,2026-06-19 10:01:00+00,75.2,18.79,20.99,99.68,open_meteo_archive
886,UG-CR,2023-10,2026-06-19 10:01:00+00,137.6,12.64,48.74,139.62,open_meteo_archive
887,UG-CR,2023-11,2026-06-19 10:01:00+00,295.9,2.27,84.71,151.65,open_meteo_archive
888,UG-CR,2023-12,2026-06-19 10:01:00+00,100.7,9.6,68.04,107.63,open_meteo_archive
889,UG-CR,2024-01,2026-06-19 10:01:00+00,40.8,9.07,47.08,58.68,open_meteo_archive
890,UG-CR,2024-02,2026-06-19 10:01:00+00,109.2,8.41,63.35,82.11,open_meteo_archive
891,UG-CR,2024-03,2026-06-19 10:01:00+00,102.2,13.84,47.4,128.48,open_meteo_archive
892,UG-CR,2024-04,2026-06-19 10:01:00+00,249.5,7.79,84.95,174.15,open_meteo_archive
893,UG-CR,2024-05,2026-06-19 10:01:00+00,109.7,15.21,55.09,115.25,open_meteo_archive
894,UG-CR,2024-06,2026-06-19 10:01:00+00,39.1,20.56,25.74,73.1,open_meteo_archive
895,UG-CR,2024-07,2026-06-19 10:01:00+00,95.2,8.34,60.52,57.96,open_meteo_archive
896,UG-CR,2024-08,2026-06-19 10:01:00+00,63.4,14.62,44.66,88.19,open_meteo_archive
897,UG-CR,2024-09,2026-06-19 10:01:00+00,77.9,14.71,31.36,100.09,open_meteo_archive
898,UG-CR,2024-10,2026-06-19 10:01:00+00,168.3,10.99,62.41,140.83,open_meteo_archive
899,UG-CR,2024-11,2026-06-19 10:01:00+00,216.5,10.41,56.09,151.55,open_meteo_archive
900,UG-CR,2024-12,2026-06-19 10:01:00+00,103.9,15.77,70.33,102.92,open_meteo_archive
901,UG-CR,2025-01,2026-06-19 10:01:00+00,40.8,10.07,46.95,58.68,open_meteo_archive
902,UG-CR,2025-02,2026-06-19 10:01:00+00,36.8,14.63,32.91,79.05,open_meteo_archive
903,UG-CR,2025-03,2026-06-19 10:01:00+00,125.1,10.84,29.97,126.07,open_meteo_archive
904,UG-CR,2025-04,2026-06-19 10:01:00+00,176.4,13.37,64.73,174.4,open_meteo_archive
905,UG-CR,2025-05,2026-06-19 10:01:00+00,160.1,7.57,64.32,117.8,open_meteo_archive
906,UG-CR,2025-06,2026-06-19 10:01:00+00,77.1,9.04,71.05,73.39,open_meteo_archive
907,UG-CR,2025-07,2026-06-19 10:01:00+00,77.6,12.62,70.55,58.34,open_meteo_archive
908,UG-CR,2025-08,2026-06-19 10:01:00+00,102.0,15.21,57.27,87.02,open_meteo_archive
909,UG-CR,2025-09,2026-06-19 10:01:00+00,106.9,15.51,46.15,99.68,open_meteo_archive
910,UG-CR,2025-10,2026-06-19 10:01:00+00,164.6,12.03,72.38,139.62,open_meteo_archive
911,UG-CR,2025-11,2026-06-19 10:01:00+00,58.0,20.77,31.16,151.65,open_meteo_archive
912,UG-CR,2025-12,2026-06-19 10:01:00+00,82.5,13.45,25.76,107.63,open_meteo_archive
913,UG-CR,2026-01,2026-06-19 10:01:00+00,61.4,9.41,52.89,58.68,open_meteo_archive
914,UG-CR,2026-02,2026-06-19 10:01:00+00,144.7,4.13,88.25,79.05,open_meteo_archive
915,UG-CR,2026-03,2026-06-19 10:01:00+00,165.1,8.21,77.47,126.07,open_meteo_archive
916,UG-CR,2026-04,2026-06-19 10:01:00+00,116.4,18.44,27.4,174.4,open_meteo_archive
917,UG-CR,2026-05,2026-06-19 10:01:00+00,92.5,14.36,20.22,117.8,open_meteo_archive
918,UG-CR,2026-06,2026-06-19 10:01:00+00,18.2,6.84,53.66,27.07,open_meteo_forecast
919,UG-ER,2022-01,2026-06-19 10:01:32+00,57.3,0.62,46.85,41.09,open_meteo_archive
920,UG-ER,2022-02,2026-06-19 10:01:32+00,20.7,1.09,53.21,39.22,open_meteo_archive
921,UG-ER,2022-03,2026-06-19 10:01:32+00,71.5,8.67,20.57,120.41,open_meteo_archive
922,UG-ER,2022-04,2026-06-19 10:01:32+00,255.2,16.42,52.22,226.5,open_meteo_archive
923,UG-ER,2022-05,2026-06-19 10:01:32+00,197.8,11.86,58.98,186.06,open_meteo_archive
924,UG-ER,2022-06,2026-06-19 10:01:32+00,73.3,16.1,50.71,96.29,open_meteo_archive
925,UG-ER,2022-07,2026-06-19 10:01:32+00,149.6,7.91,44.95,120.54,open_meteo_archive
926,UG-ER,2022-08,2026-06-19 10:01:32+00,175.7,8.16,71.82,152.13,open_meteo_archive
927,UG-ER,2022-09,2026-06-19 10:01:32+00,112.3,10.44,43.23,155.56,open_meteo_archive
928,UG-ER,2022-10,2026-06-19 10:01:32+00,68.5,15.5,20.19,129.47,open_meteo_archive
929,UG-ER,2022-11,2026-06-19 10:01:32+00,247.1,2.81,66.39,117.07,open_meteo_archive
930,UG-ER,2022-12,2026-06-19 10:01:32+00,98.5,1.93,83.71,66.5,open_meteo_archive
931,UG-ER,2023-01,2026-06-19 10:01:32+00,6.3,1.0,36.67,41.09,open_meteo_archive
932,UG-ER,2023-02,2026-06-19 10:01:32+00,2.7,1.27,8.14,39.22,open_meteo_archive
933,UG-ER,2023-03,2026-06-19 10:01:32+00,127.4,4.79,51.84,120.41,open_meteo_archive
934,UG-ER,2023-04,2026-06-19 10:01:32+00,193.6,16.61,35.36,226.5,open_meteo_archive
935,UG-ER,2023-05,2026-06-19 10:01:32+00,52.3,23.77,20.11,186.06,open_meteo_archive
936,UG-ER,2023-06,2026-06-19 10:01:32+00,122.8,9.42,42.51,96.29,open_meteo_archive
937,UG-ER,2023-07,2026-06-19 10:01:32+00,46.7,24.63,35.8,120.54,open_meteo_archive
938,UG-ER,2023-08,2026-06-19 10:01:32+00,53.9,23.08,14.78,152.13,open_meteo_archive
939,UG-ER,2023-09,2026-06-19 10:01:32+00,186.1,12.78,55.98,155.56,open_meteo_archive
940,UG-ER,2023-10,2026-06-19 10:01:32+00,122.3,12.55,52.8,129.47,open_meteo_archive
941,UG-ER,2023-11,2026-06-19 10:01:32+00,110.7,4.5,54.92,117.07,open_meteo_archive
942,UG-ER,2023-12,2026-06-19 10:01:32+00,87.5,2.94,53.9,66.5,open_meteo_archive
943,UG-ER,2024-01,2026-06-19 10:01:32+00,64.1,0.16,84.24,41.09,open_meteo_archive
944,UG-ER,2024-02,2026-06-19 10:01:32+00,49.9,0.71,74.71,41.25,open_meteo_archive
945,UG-ER,2024-03,2026-06-19 10:01:32+00,70.7,7.36,43.36,124.75,open_meteo_archive
946,UG-ER,2024-04,2026-06-19 10:01:32+00,199.0,13.16,46.49,228.31,open_meteo_archive
947,UG-ER,2024-05,2026-06-19 10:01:32+00,149.2,18.72,33.4,181.35,open_meteo_archive
948,UG-ER,2024-06,2026-06-19 10:01:32+00,72.4,11.66,26.93,96.64,open_meteo_archive
949,UG-ER,2024-07,2026-06-19 10:01:32+00,153.1,8.37,55.98,121.17,open_meteo_archive
950,UG-ER,2024-08,2026-06-19 10:01:32+00,130.2,11.76,50.7,153.03,open_meteo_archive
951,UG-ER,2024-09,2026-06-19 10:01:32+00,98.2,15.69,38.49,154.55,open_meteo_archive
952,UG-ER,2024-10,2026-06-19 10:01:32+00,177.0,8.05,64.29,129.21,open_meteo_archive
953,UG-ER,2024-11,2026-06-19 10:01:32+00,199.7,5.74,64.09,116.12,open_meteo_archive
954,UG-ER,2024-12,2026-06-19 10:01:32+00,23.4,5.91,59.54,63.38,open_meteo_archive
955,UG-ER,2025-01,2026-06-19 10:01:32+00,10.8,1.28,19.01,41.09,open_meteo_archive
956,UG-ER,2025-02,2026-06-19 10:01:32+00,5.0,1.79,25.02,39.22,open_meteo_archive
957,UG-ER,2025-03,2026-06-19 10:01:32+00,143.9,3.02,45.23,120.41,open_meteo_archive
958,UG-ER,2025-04,2026-06-19 10:01:32+00,267.1,6.13,72.9,226.5,open_meteo_archive
959,UG-ER,2025-05,2026-06-19 10:01:32+00,255.9,6.04,71.91,186.06,open_meteo_archive
960,UG-ER,2025-06,2026-06-19 10:01:32+00,100.7,9.12,66.96,96.29,open_meteo_archive
961,UG-ER,2025-07,2026-06-19 10:01:32+00,128.3,9.27,62.43,120.54,open_meteo_archive
962,UG-ER,2025-08,2026-06-19 10:01:32+00,159.0,5.29,51.2,152.13,open_meteo_archive
963,UG-ER,2025-09,2026-06-19 10:01:32+00,95.0,15.53,35.87,155.56,open_meteo_archive
964,UG-ER,2025-10,2026-06-19 10:01:32+00,172.2,8.98,35.46,129.47,open_meteo_archive
965,UG-ER,2025-11,2026-06-19 10:01:32+00,51.2,13.64,58.09,117.07,open_meteo_archive
966,UG-ER,2025-12,2026-06-19 10:01:32+00,77.9,4.59,37.64,66.5,open_meteo_archive
967,UG-ER,2026-01,2026-06-19 10:01:32+00,18.2,1.1,53.67,41.09,open_meteo_archive
968,UG-ER,2026-02,2026-06-19 10:01:32+00,125.1,0.05,83.07,39.22,open_meteo_archive
969,UG-ER,2026-03,2026-06-19 10:01:32+00,231.5,2.11,89.94,120.41,open_meteo_archive
970,UG-ER,2026-04,2026-06-19 10:01:32+00,160.5,11.48,40.95,226.5,open_meteo_archive
971,UG-ER,2026-05,2026-06-19 10:01:32+00,189.4,6.66,54.39,186.06,open_meteo_archive
972,UG-ER,2026-06,2026-06-19 10:01:32+00,25.5,12.35,44.35,40.38,open_meteo_forecast
811,UG-NR,2022-01,2026-06-19 10:00:44+00,20.1,0.0,52.74,7.79,open_meteo_archive
812,UG-NR,2022-02,2026-06-19 10:00:44+00,1.0,0.0,55.63,17.0,open_meteo_archive
813,UG-NR,2022-03,2026-06-19 10:00:44+00,68.3,3.07,33.52,85.89,open_meteo_archive
814,UG-NR,2022-04,2026-06-19 10:00:44+00,133.1,14.08,41.4,145.0,open_meteo_archive
815,UG-NR,2022-05,2026-06-19 10:00:44+00,129.3,15.49,50.74,125.08,open_meteo_archive
816,UG-NR,2022-06,2026-06-19 10:00:44+00,97.0,17.01,64.53,101.54,open_meteo_archive
817,UG-NR,2022-07,2026-06-19 10:00:44+00,109.9,12.35,29.01,120.01,open_meteo_archive
818,UG-NR,2022-08,2026-06-19 10:00:44+00,171.0,8.09,56.96,160.07,open_meteo_archive
819,UG-NR,2022-09,2026-06-19 10:00:44+00,160.3,11.09,66.65,154.42,open_meteo_archive
820,UG-NR,2022-10,2026-06-19 10:00:44+00,152.4,15.15,54.92,149.05,open_meteo_archive
821,UG-NR,2022-11,2026-06-19 10:00:44+00,63.9,4.36,41.61,69.79,open_meteo_archive
822,UG-NR,2022-12,2026-06-19 10:00:44+00,17.7,0.43,60.57,21.63,open_meteo_archive
823,UG-NR,2023-01,2026-06-19 10:00:44+00,0.1,0.0,23.9,7.79,open_meteo_archive
824,UG-NR,2023-02,2026-06-19 10:00:44+00,2.8,0.0,17.51,17.0,open_meteo_archive
825,UG-NR,2023-03,2026-06-19 10:00:44+00,190.8,2.11,78.7,85.89,open_meteo_archive
826,UG-NR,2023-04,2026-06-19 10:00:44+00,161.1,13.13,48.19,145.0,open_meteo_archive
827,UG-NR,2023-05,2026-06-19 10:00:44+00,90.3,16.29,54.97,125.08,open_meteo_archive
828,UG-NR,2023-06,2026-06-19 10:00:44+00,121.6,11.55,38.39,101.54,open_meteo_archive
829,UG-NR,2023-07,2026-06-19 10:00:44+00,74.2,18.21,37.34,120.01,open_meteo_archive
830,UG-NR,2023-08,2026-06-19 10:00:44+00,81.2,26.62,30.59,160.07,open_meteo_archive
831,UG-NR,2023-09,2026-06-19 10:00:44+00,150.0,14.14,37.63,154.42,open_meteo_archive
832,UG-NR,2023-10,2026-06-19 10:00:44+00,212.2,9.63,63.47,149.05,open_meteo_archive
833,UG-NR,2023-11,2026-06-19 10:00:44+00,126.4,3.93,81.29,69.79,open_meteo_archive
834,UG-NR,2023-12,2026-06-19 10:00:44+00,29.8,0.33,75.86,21.63,open_meteo_archive
835,UG-NR,2024-01,2026-06-19 10:00:44+00,6.6,0.0,71.83,7.79,open_meteo_archive
836,UG-NR,2024-02,2026-06-19 10:00:44+00,24.0,0.0,73.49,18.14,open_meteo_archive
837,UG-NR,2024-03,2026-06-19 10:00:44+00,42.6,5.43,41.09,88.86,open_meteo_archive
838,UG-NR,2024-04,2026-06-19 10:00:44+00,173.2,7.62,64.93,146.23,open_meteo_archive
839,UG-NR,2024-05,2026-06-19 10:00:44+00,97.6,12.03,39.53,122.79,open_meteo_archive
840,UG-NR,2024-06,2026-06-19 10:00:44+00,110.2,10.37,59.16,102.39,open_meteo_archive
841,UG-NR,2024-07,2026-06-19 10:00:44+00,150.5,10.68,53.59,120.61,open_meteo_archive
842,UG-NR,2024-08,2026-06-19 10:00:44+00,202.1,9.98,75.67,161.08,open_meteo_archive
843,UG-NR,2024-09,2026-06-19 10:00:44+00,107.4,16.29,27.87,153.82,open_meteo_archive
844,UG-NR,2024-10,2026-06-19 10:00:44+00,142.5,10.12,42.5,147.46,open_meteo_archive
845,UG-NR,2024-11,2026-06-19 10:00:44+00,119.7,4.39,65.85,68.04,open_meteo_archive
846,UG-NR,2024-12,2026-06-19 10:00:44+00,6.7,0.13,67.42,20.05,open_meteo_archive
847,UG-NR,2025-01,2026-06-19 10:00:44+00,0.3,0.0,32.66,7.79,open_meteo_archive
848,UG-NR,2025-02,2026-06-19 10:00:44+00,0.0,0.0,14.48,17.0,open_meteo_archive
849,UG-NR,2025-03,2026-06-19 10:00:44+00,70.3,2.19,34.77,85.89,open_meteo_archive
850,UG-NR,2025-04,2026-06-19 10:00:44+00,154.8,13.6,60.11,145.0,open_meteo_archive
851,UG-NR,2025-05,2026-06-19 10:00:44+00,97.8,13.26,28.21,125.08,open_meteo_archive
852,UG-NR,2025-06,2026-06-19 10:00:44+00,134.4,14.5,62.46,101.54,open_meteo_archive
853,UG-NR,2025-07,2026-06-19 10:00:44+00,175.4,6.55,82.37,120.01,open_meteo_archive
854,UG-NR,2025-08,2026-06-19 10:00:44+00,193.4,6.66,66.91,160.07,open_meteo_archive
855,UG-NR,2025-09,2026-06-19 10:00:44+00,152.8,8.58,47.66,154.42,open_meteo_archive
856,UG-NR,2025-10,2026-06-19 10:00:44+00,200.1,6.62,61.81,149.05,open_meteo_archive
857,UG-NR,2025-11,2026-06-19 10:00:44+00,33.7,9.16,52.04,69.79,open_meteo_archive
858,UG-NR,2025-12,2026-06-19 10:00:44+00,12.9,0.51,38.68,21.63,open_meteo_archive
859,UG-NR,2026-01,2026-06-19 10:00:44+00,10.4,0.0,46.85,7.79,open_meteo_archive
860,UG-NR,2026-02,2026-06-19 10:00:44+00,60.8,0.0,88.73,17.0,open_meteo_archive
861,UG-NR,2026-03,2026-06-19 10:00:44+00,148.8,1.29,82.74,85.89,open_meteo_archive
862,UG-NR,2026-04,2026-06-19 10:00:44+00,125.0,11.57,46.42,145.0,open_meteo_archive
863,UG-NR,2026-05,2026-06-19 10:00:44+00,147.0,7.24,72.74,125.08,open_meteo_archive
864,UG-NR,2026-06,2026-06-19 10:00:44+00,26.3,11.42,31.5,42.61,open_meteo_forecast
973,UG-WR,2022-01,2026-06-19 10:01:45+00,28.9,6.88,22.37,42.61,open_meteo_archive
974,UG-WR,2022-02,2026-06-19 10:01:45+00,39.9,6.09,44.2,39.84,open_meteo_archive
975,UG-WR,2022-03,2026-06-19 10:01:45+00,50.4,12.82,36.35,67.92,open_meteo_archive
976,UG-WR,2022-04,2026-06-19 10:01:45+00,72.3,13.08,32.29,77.86,open_meteo_archive
977,UG-WR,2022-05,2026-06-19 10:01:45+00,43.4,11.75,43.29,53.25,open_meteo_archive
978,UG-WR,2022-06,2026-06-19 10:01:45+00,4.3,0.18,45.46,19.47,open_meteo_archive
979,UG-WR,2022-07,2026-06-19 10:01:45+00,14.8,0.0,17.82,23.36,open_meteo_archive
980,UG-WR,2022-08,2026-06-19 10:01:45+00,118.9,2.79,72.72,59.54,open_meteo_archive
981,UG-WR,2022-09,2026-06-19 10:01:45+00,76.2,8.5,76.32,76.94,open_meteo_archive
982,UG-WR,2022-10,2026-06-19 10:01:45+00,89.7,16.51,50.03,93.53,open_meteo_archive
983,UG-WR,2022-11,2026-06-19 10:01:45+00,206.1,7.35,88.82,110.56,open_meteo_archive
984,UG-WR,2022-12,2026-06-19 10:01:45+00,68.6,9.15,53.53,71.99,open_meteo_archive
985,UG-WR,2023-01,2026-06-19 10:01:45+00,22.7,6.84,41.33,42.61,open_meteo_archive
986,UG-WR,2023-02,2026-06-19 10:01:45+00,14.0,8.93,13.96,39.84,open_meteo_archive
987,UG-WR,2023-03,2026-06-19 10:01:45+00,118.9,4.76,76.17,67.92,open_meteo_archive
988,UG-WR,2023-04,2026-06-19 10:01:45+00,99.2,10.68,76.22,77.86,open_meteo_archive
989,UG-WR,2023-05,2026-06-19 10:01:45+00,34.9,8.13,46.53,53.25,open_meteo_archive
990,UG-WR,2023-06,2026-06-19 10:01:45+00,24.1,0.0,60.35,19.47,open_meteo_archive
991,UG-WR,2023-07,2026-06-19 10:01:45+00,0.7,0.0,28.85,23.36,open_meteo_archive
992,UG-WR,2023-08,2026-06-19 10:01:45+00,16.0,5.15,16.25,59.54,open_meteo_archive
993,UG-WR,2023-09,2026-06-19 10:01:45+00,84.0,10.41,50.26,76.94,open_meteo_archive
994,UG-WR,2023-10,2026-06-19 10:01:45+00,64.8,15.41,23.68,93.53,open_meteo_archive
995,UG-WR,2023-11,2026-06-19 10:01:45+00,86.1,11.81,30.21,110.56,open_meteo_archive
996,UG-WR,2023-12,2026-06-19 10:01:45+00,80.7,6.11,56.99,71.99,open_meteo_archive
997,UG-WR,2024-01,2026-06-19 10:01:45+00,39.7,4.45,60.04,42.61,open_meteo_archive
998,UG-WR,2024-02,2026-06-19 10:01:45+00,53.5,4.55,41.69,41.62,open_meteo_archive
999,UG-WR,2024-03,2026-06-19 10:01:45+00,50.8,14.07,53.28,68.56,open_meteo_archive
1000,UG-WR,2024-04,2026-06-19 10:01:45+00,82.6,12.66,51.13,77.97,open_meteo_archive
1001,UG-WR,2024-05,2026-06-19 10:01:45+00,76.1,9.53,67.9,51.59,open_meteo_archive
1002,UG-WR,2024-06,2026-06-19 10:01:45+00,2.1,0.18,17.96,19.28,open_meteo_archive
1003,UG-WR,2024-07,2026-06-19 10:01:45+00,39.8,0.0,59.75,23.95,open_meteo_archive
1004,UG-WR,2024-08,2026-06-19 10:01:45+00,34.9,5.81,46.54,60.39,open_meteo_archive
1005,UG-WR,2024-09,2026-06-19 10:01:45+00,76.3,16.41,33.94,77.69,open_meteo_archive
1006,UG-WR,2024-10,2026-06-19 10:01:45+00,83.9,13.42,63.77,94.18,open_meteo_archive
1007,UG-WR,2024-11,2026-06-19 10:01:45+00,139.2,10.26,48.77,110.07,open_meteo_archive
1008,UG-WR,2024-12,2026-06-19 10:01:45+00,78.4,12.37,77.07,68.95,open_meteo_archive
1009,UG-WR,2025-01,2026-06-19 10:01:45+00,19.6,7.42,32.65,42.61,open_meteo_archive
1010,UG-WR,2025-02,2026-06-19 10:01:45+00,22.6,8.12,39.46,39.84,open_meteo_archive
1011,UG-WR,2025-03,2026-06-19 10:01:45+00,56.8,7.15,27.32,67.92,open_meteo_archive
1012,UG-WR,2025-04,2026-06-19 10:01:45+00,101.6,8.3,78.98,77.86,open_meteo_archive
1013,UG-WR,2025-05,2026-06-19 10:01:45+00,53.5,5.87,43.4,53.25,open_meteo_archive
1014,UG-WR,2025-06,2026-06-19 10:01:45+00,35.2,0.21,78.38,19.47,open_meteo_archive
1015,UG-WR,2025-07,2026-06-19 10:01:45+00,49.5,0.0,84.49,23.36,open_meteo_archive
1016,UG-WR,2025-08,2026-06-19 10:01:45+00,81.3,5.09,68.68,59.54,open_meteo_archive
1017,UG-WR,2025-09,2026-06-19 10:01:45+00,39.7,12.64,25.2,76.94,open_meteo_archive
1018,UG-WR,2025-10,2026-06-19 10:01:45+00,116.6,7.26,60.33,93.53,open_meteo_archive
1019,UG-WR,2025-11,2026-06-19 10:01:45+00,95.2,12.52,56.58,110.56,open_meteo_archive
1020,UG-WR,2025-12,2026-06-19 10:01:45+00,69.5,9.6,41.22,71.99,open_meteo_archive
1021,UG-WR,2026-01,2026-06-19 10:01:45+00,41.2,4.84,39.1,42.61,open_meteo_archive
1022,UG-WR,2026-02,2026-06-19 10:01:45+00,76.1,2.64,90.3,39.84,open_meteo_archive
1023,UG-WR,2026-03,2026-06-19 10:01:45+00,97.5,5.3,78.65,67.92,open_meteo_archive
1024,UG-WR,2026-04,2026-06-19 10:01:45+00,52.2,13.61,30.77,77.86,open_meteo_archive
1025,UG-WR,2026-05,2026-06-19 10:01:45+00,64.0,5.5,63.33,53.25,open_meteo_archive
1026,UG-WR,2026-06,2026-06-19 10:01:45+00,0.0,0.0,68.82,6.69,open_meteo_forecast
